State/UT,District,Market,Commodity Group,Commodity,Variety,Grade,Min Price,Max Price,Modal Price,Price Unit,Arrival Quantity,Arrival Unit,Arrival Date
Maharashtra,Pune,APMC Khed ,Vegetables,Tomato,Local,Local,500,"1,800.00","1,000.00",Rs./Quintal,9.5,Metric Tonnes,31-08-2026
Maharashtra,Pune,APMC Khed ,Vegetables,Tomato,Local,Local,500,"1,800.00","1,000.00",Rs./Quintal,13.3,Metric Tonnes,30-08-2026
Maharashtra,Pune,APMC Khed ,Vegetables,Tomato,Local,Local,400,"1,200.00",800,Rs./Quintal,10,Metric Tonnes,27-08-2026
Maharashtra,Pune,APMC Khed ,Vegetables,Tomato,Local,Local,400,"1,000.00",700,Rs./Quintal,7.3,Metric Tonnes,26-08-2026
Maharashtra,Pune,APMC Khed ,Vegetables,Tomato,Local,Local,400,"1,500.00","1,000.00",Rs./Quintal,7.1,Metric Tonnes,25-08-2026
Maharashtra,Pune,APMC Khed ,Vegetables,Tomato,Local,Local,400,"1,800.00","1,000.00",Rs./Quintal,8.2,Metric Tonnes,24-08-2026
Maharashtra,Pune,APMC Khed ,Vegetables,Tomato,Local,Local,400,"1,500.00",900,Rs./Quintal,12,Metric Tonnes,23-08-2026
Maharashtra,Pune,APMC Khed ,Vegetables,Tomato,Local,Local,400,"1,500.00",900,Rs./Quintal,8.7,Metric Tonnes,21-08-2026
Maharashtra,Pune,APMC Khed ,Vegetables,Tomato,Local,Local,500,"1,800.00","1,000.00",Rs./Quintal,9.3,Metric Tonnes,20-08-2026
Maharashtra,Pune,APMC Khed ,Vegetables,Tomato,Local,Local,500,"2,000.00","1,100.00",Rs./Quintal,5.8,Metric Tonnes,19-08-2026
Maharashtra,Pune,APMC Khed ,Vegetables,Tomato,Local,Local,500,"2,200.00","1,500.00",Rs./Quintal,8.3,Metric Tonnes,18-08-2026
Maharashtra,Pune,APMC Khed ,Vegetables,Tomato,Local,Local,500,"2,000.00","1,000.00",Rs./Quintal,8,Metric Tonnes,17-08-2026
Maharashtra,Pune,APMC Khed ,Vegetables,Tomato,Local,Local,500,"2,500.00","1,500.00",Rs./Quintal,9.8,Metric Tonnes,16-08-2026
Maharashtra,Pune,APMC Khed ,Vegetables,Tomato,Local,Local,700,"2,300.00","1,500.00",Rs./Quintal,5.6,Metric Tonnes,14-08-2026
Maharashtra,Pune,APMC Khed ,Vegetables,Tomato,Local,Local,500,"2,000.00","1,000.00",Rs./Quintal,7.5,Metric Tonnes,13-08-2026
Maharashtra,Pune,APMC Khed ,Vegetables,Tomato,Local,Local,400,"2,000.00","1,000.00",Rs./Quintal,2.7,Metric Tonnes,12-08-2026
Maharashtra,Pune,APMC Khed ,Vegetables,Tomato,Local,Local,500,"2,300.00","1,500.00",Rs./Quintal,7.7,Metric Tonnes,11-08-2026
Maharashtra,Pune,APMC Khed ,Vegetables,Tomato,Local,Local,500,"2,500.00","1,500.00",Rs./Quintal,10,Metric Tonnes,10-08-2026
Maharashtra,Pune,APMC Khed ,Vegetables,Tomato,Local,Local,500,"2,500.00","1,500.00",Rs./Quintal,11.5,Metric Tonnes,09-08-2026
Maharashtra,Pune,APMC Khed ,Vegetables,Tomato,Local,Local,500,"3,000.00","2,000.00",Rs./Quintal,9.2,Metric Tonnes,07-08-2026
Maharashtra,Pune,APMC Khed ,Vegetables,Tomato,Local,Local,500,"2,000.00","1,000.00",Rs./Quintal,6.1,Metric Tonnes,06-08-2026
Maharashtra,Pune,APMC Khed ,Vegetables,Tomato,Local,Local,500,"2,500.00","1,500.00",Rs./Quintal,6,Metric Tonnes,05-08-2026
Maharashtra,Pune,APMC Khed ,Vegetables,Tomato,Local,Local,700,"3,000.00","1,500.00",Rs./Quintal,5.4,Metric Tonnes,04-08-2026
Maharashtra,Pune,APMC Khed ,Vegetables,Tomato,Local,Local,"1,000.00","3,000.00","2,000.00",Rs./Quintal,4.9,Metric Tonnes,03-08-2026
Maharashtra,Pune,APMC Khed ,Vegetables,Tomato,Local,Local,500,"2,500.00","1,500.00",Rs./Quintal,9.2,Metric Tonnes,02-08-2026
Maharashtra,Pune,APMC Khed ,Vegetables,Tomato,Local,Local,700,"2,500.00","1,500.00",Rs./Quintal,4.8,Metric Tonnes,31-07-2026
Maharashtra,Pune,APMC Khed ,Vegetables,Tomato,Local,Local,500,"2,500.00","1,500.00",Rs./Quintal,7.2,Metric Tonnes,30-07-2026
Maharashtra,Pune,APMC Khed ,Vegetables,Tomato,Local,Local,800,"2,500.00","1,800.00",Rs./Quintal,3.5,Metric Tonnes,29-07-2026
Maharashtra,Pune,APMC Khed ,Vegetables,Tomato,Local,Local,500,"3,000.00","2,000.00",Rs./Quintal,5.6,Metric Tonnes,28-07-2026
Maharashtra,Pune,APMC Khed ,Vegetables,Tomato,Local,Local,500,"2,500.00","1,500.00",Rs./Quintal,4.6,Metric Tonnes,27-07-2026
Maharashtra,Pune,APMC Khed ,Vegetables,Tomato,Local,Local,500,"2,500.00","1,500.00",Rs./Quintal,8.9,Metric Tonnes,26-07-2026
Maharashtra,Pune,APMC Khed ,Vegetables,Tomato,Local,Local,500,"2,000.00","1,000.00",Rs./Quintal,2.4,Metric Tonnes,24-07-2026
Maharashtra,Pune,APMC Khed ,Vegetables,Tomato,Local,Local,500,"3,000.00","2,000.00",Rs./Quintal,8.3,Metric Tonnes,23-07-2026
Maharashtra,Pune,APMC Khed ,Vegetables,Tomato,Local,Local,500,"2,300.00","1,000.00",Rs./Quintal,3.9,Metric Tonnes,22-07-2026
Maharashtra,Pune,APMC Khed ,Vegetables,Tomato,Local,Local,600,"2,500.00","1,500.00",Rs./Quintal,5.2,Metric Tonnes,21-07-2026
Maharashtra,Pune,APMC Khed ,Vegetables,Tomato,Local,Local,500,"3,000.00","1,500.00",Rs./Quintal,6.6,Metric Tonnes,20-07-2026
Maharashtra,Pune,APMC Khed ,Vegetables,Tomato,Local,Local,600,"3,500.00","2,000.00",Rs./Quintal,7,Metric Tonnes,19-07-2026
Maharashtra,Pune,APMC Khed ,Vegetables,Tomato,Local,Local,500,"3,500.00","2,500.00",Rs./Quintal,6.8,Metric Tonnes,16-07-2026
Maharashtra,Pune,APMC Khed ,Vegetables,Tomato,Local,Local,500,"2,200.00","1,500.00",Rs./Quintal,5.5,Metric Tonnes,15-07-2026
Maharashtra,Pune,APMC Khed ,Vegetables,Tomato,Local,Local,500,"3,000.00","2,000.00",Rs./Quintal,11.5,Metric Tonnes,14-07-2026
Maharashtra,Pune,APMC Khed ,Vegetables,Tomato,Local,Local,800,"3,500.00","2,000.00",Rs./Quintal,9.4,Metric Tonnes,13-07-2026
Maharashtra,Pune,APMC Khed ,Vegetables,Tomato,Local,Local,"1,000.00","4,000.00","2,500.00",Rs./Quintal,9.1,Metric Tonnes,10-07-2026
Maharashtra,Pune,APMC Khed ,Vegetables,Tomato,Local,Local,800,"4,000.00","2,500.00",Rs./Quintal,9.3,Metric Tonnes,09-07-2026
Maharashtra,Pune,APMC Khed ,Vegetables,Tomato,Local,Local,"1,000.00","4,000.00","3,000.00",Rs./Quintal,4.1,Metric Tonnes,08-07-2026
Maharashtra,Pune,APMC Khed ,Vegetables,Tomato,Local,Local,700,"4,000.00","3,000.00",Rs./Quintal,4.7,Metric Tonnes,07-07-2026
Maharashtra,Pune,APMC Khed ,Vegetables,Tomato,Local,Local,"1,000.00","3,000.00","2,000.00",Rs./Quintal,0.9,Metric Tonnes,06-07-2026
Maharashtra,Pune,APMC Khed ,Vegetables,Tomato,Local,Local,700,"3,500.00","2,000.00",Rs./Quintal,8.4,Metric Tonnes,05-07-2026
Maharashtra,Pune,APMC Khed ,Vegetables,Tomato,Local,Local,500,"3,000.00","2,000.00",Rs./Quintal,6.3,Metric Tonnes,03-07-2026
Maharashtra,Pune,APMC Khed ,Vegetables,Tomato,Local,Local,700,"3,500.00","2,000.00",Rs./Quintal,5.9,Metric Tonnes,02-07-2026
Maharashtra,Pune,APMC Khed ,Vegetables,Tomato,Local,Local,"1,000.00","2,500.00","1,800.00",Rs./Quintal,3.3,Metric Tonnes,01-07-2026
Maharashtra,Pune,APMC Khed ,Vegetables,Tomato,Local,Local,800,"2,800.00","1,700.00",Rs./Quintal,6.7,Metric Tonnes,30-06-2026
Maharashtra,Pune,APMC Manchar ,Vegetables,Tomato,Other,Local,"1,000.00","2,250.00","1,625.00",Rs./Quintal,0.4,Metric Tonnes,27-08-2026
Maharashtra,Pune,APMC Manchar ,Vegetables,Tomato,Other,Local,"1,000.00","3,250.00","2,125.00",Rs./Quintal,0.6,Metric Tonnes,20-08-2026
Maharashtra,Pune,APMC Manchar ,Vegetables,Tomato,Other,Local,"1,000.00","3,500.00","2,250.00",Rs./Quintal,0.2,Metric Tonnes,19-08-2026
Maharashtra,Pune,APMC Manchar ,Vegetables,Tomato,Other,Local,"2,000.00","4,000.00","3,000.00",Rs./Quintal,0.1,Metric Tonnes,18-08-2026
Maharashtra,Pune,APMC Manchar ,Vegetables,Tomato,Other,Local,"1,500.00","3,500.00","2,500.00",Rs./Quintal,0.2,Metric Tonnes,17-08-2026
Maharashtra,Pune,APMC Manchar ,Vegetables,Tomato,Other,Local,900,"2,300.00","1,550.00",Rs./Quintal,0.2,Metric Tonnes,11-08-2026
Maharashtra,Pune,APMC Manchar ,Vegetables,Tomato,Other,Local,"2,500.00","5,500.00","4,000.00",Rs./Quintal,0.5,Metric Tonnes,13-07-2026
Maharashtra,Pune,APMC Manchar ,Vegetables,Tomato,Other,Local,800,"3,650.00","2,260.00",Rs./Quintal,0.5,Metric Tonnes,01-07-2026
Maharashtra,Pune,APMC Manchar ,Vegetables,Tomato,Other,Local,"1,000.00","3,200.00","2,100.00",Rs./Quintal,0.4,Metric Tonnes,28-06-2026
Maharashtra,Pune,APMC Manchar ,Vegetables,Tomato,Other,Local,"1,800.00","5,000.00","3,495.00",Rs./Quintal,0.3,Metric Tonnes,17-06-2026
Maharashtra,Pune,APMC Manchar ,Vegetables,Tomato,Other,Local,"1,800.00","2,000.00","1,900.00",Rs./Quintal,0.3,Metric Tonnes,08-06-2026
Maharashtra,Pune,APMC Manchar ,Vegetables,Tomato,Other,Local,"2,000.00","4,600.00","3,300.00",Rs./Quintal,0.8,Metric Tonnes,07-06-2026
Maharashtra,Pune,APMC Manchar ,Vegetables,Tomato,Other,Local,"2,000.00","4,100.00","3,050.00",Rs./Quintal,0.7,Metric Tonnes,04-06-2026
Maharashtra,Pune,APMC Manchar ,Vegetables,Tomato,Other,Local,"1,200.00","2,500.00","1,900.00",Rs./Quintal,0.4,Metric Tonnes,03-06-2026
Maharashtra,Pune,APMC Manchar ,Vegetables,Tomato,Other,Local,500,"4,500.00","3,560.00",Rs./Quintal,0.2,Metric Tonnes,31-05-2026
Maharashtra,Pune,APMC Manchar ,Vegetables,Tomato,Other,Local,"1,500.00","4,100.00","2,850.00",Rs./Quintal,0.9,Metric Tonnes,28-05-2026
Maharashtra,Pune,APMC Manchar ,Vegetables,Tomato,Other,Local,"3,210.00","3,210.00","3,210.00",Rs./Quintal,0.1,Metric Tonnes,26-05-2026
Maharashtra,Pune,APMC Manchar ,Vegetables,Tomato,Other,Local,700,"2,200.00","1,450.00",Rs./Quintal,0.1,Metric Tonnes,25-05-2026
Maharashtra,Pune,APMC Manchar ,Vegetables,Tomato,Other,Local,"1,000.00","4,600.00","2,850.00",Rs./Quintal,0.3,Metric Tonnes,24-05-2026
Maharashtra,Pune,APMC Manchar ,Vegetables,Tomato,Other,Local,"1,000.00","3,000.00","2,500.00",Rs./Quintal,0.1,Metric Tonnes,21-05-2026
Maharashtra,Pune,APMC Manchar ,Vegetables,Tomato,Other,Local,"1,000.00","4,260.00","2,635.00",Rs./Quintal,0.5,Metric Tonnes,20-05-2026
Maharashtra,Pune,APMC Manchar ,Vegetables,Tomato,Other,Local,"1,000.00","4,550.00","2,780.00",Rs./Quintal,0.1,Metric Tonnes,19-05-2026
Maharashtra,Pune,APMC Manchar ,Vegetables,Tomato,Other,Local,"1,000.00","4,600.00","2,850.00",Rs./Quintal,0.1,Metric Tonnes,17-05-2026
Maharashtra,Pune,APMC Manchar ,Vegetables,Tomato,Other,Local,"1,000.00","4,600.00","2,850.00",Rs./Quintal,0.5,Metric Tonnes,14-05-2026
Maharashtra,Pune,APMC Manchar ,Vegetables,Tomato,Other,Local,"1,300.00","4,500.00","2,860.00",Rs./Quintal,0.1,Metric Tonnes,13-05-2026
Maharashtra,Pune,APMC Manchar ,Vegetables,Tomato,Other,Local,"1,000.00","4,560.00","2,790.00",Rs./Quintal,0.5,Metric Tonnes,11-05-2026
Maharashtra,Pune,APMC Manchar ,Vegetables,Tomato,Other,Local,"2,000.00","5,000.00","3,550.00",Rs./Quintal,0.5,Metric Tonnes,10-05-2026
Maharashtra,Pune,APMC Manchar ,Vegetables,Tomato,Other,Local,700,"2,250.00","1,480.00",Rs./Quintal,0.2,Metric Tonnes,06-05-2026
Maharashtra,Pune,APMC Manchar ,Vegetables,Tomato,Other,Local,"1,000.00","5,000.00","3,500.00",Rs./Quintal,0.5,Metric Tonnes,03-05-2026
Maharashtra,Pune,APMC Pune ,Vegetables,Tomato,Local,Local,600,"1,600.00","1,100.00",Rs./Quintal,268.1,Metric Tonnes,01-09-2026
Maharashtra,Pune,APMC Pune ,Vegetables,Tomato,Local,Local,"1,000.00","2,000.00","1,500.00",Rs./Quintal,199.1,Metric Tonnes,31-08-2026
Maharashtra,Pune,APMC Pune ,Vegetables,Tomato,Local,Local,800,"1,600.00","1,200.00",Rs./Quintal,231.8,Metric Tonnes,30-08-2026
Maharashtra,Pune,APMC Pune ,Vegetables,Tomato,Local,Local,400,"1,600.00","1,000.00",Rs./Quintal,205,Metric Tonnes,28-08-2026
Maharashtra,Pune,APMC Pune ,Vegetables,Tomato,Local,Local,400,"1,600.00","1,000.00",Rs./Quintal,233.2,Metric Tonnes,27-08-2026
Maharashtra,Pune,APMC Pune ,Vegetables,Tomato,Local,Local,500,"1,600.00","1,050.00",Rs./Quintal,158.3,Metric Tonnes,26-08-2026
Maharashtra,Pune,APMC Pune ,Vegetables,Tomato,Local,Local,400,"1,600.00","1,000.00",Rs./Quintal,205.1,Metric Tonnes,25-08-2026
Maharashtra,Pune,APMC Pune ,Vegetables,Tomato,Local,Local,400,"1,000.00",700,Rs./Quintal,181.9,Metric Tonnes,24-08-2026
Maharashtra,Pune,APMC Pune ,Vegetables,Tomato,Local,Local,500,"1,000.00",750,Rs./Quintal,333.1,Metric Tonnes,23-08-2026
Maharashtra,Pune,APMC Pune ,Vegetables,Tomato,Local,Local,600,"1,800.00","1,200.00",Rs./Quintal,285.6,Metric Tonnes,21-08-2026
Maharashtra,Pune,APMC Pune ,Vegetables,Tomato,Local,Local,600,"1,200.00",900,Rs./Quintal,299.1,Metric Tonnes,20-08-2026
Maharashtra,Pune,APMC Pune ,Vegetables,Tomato,Local,Local,600,"2,000.00","1,300.00",Rs./Quintal,209.7,Metric Tonnes,17-08-2026
Maharashtra,Pune,APMC Pune ,Vegetables,Tomato,Local,Local,"1,000.00","2,000.00","1,500.00",Rs./Quintal,331.8,Metric Tonnes,16-08-2026
Maharashtra,Pune,APMC Pune ,Vegetables,Tomato,Local,Local,800,"1,600.00","1,200.00",Rs./Quintal,244.8,Metric Tonnes,14-08-2026
Maharashtra,Pune,APMC Pune ,Vegetables,Tomato,Local,Local,600,"1,600.00","1,100.00",Rs./Quintal,198.4,Metric Tonnes,13-08-2026
Maharashtra,Pune,APMC Pune ,Vegetables,Tomato,Local,Local,400,"1,600.00","1,000.00",Rs./Quintal,166.6,Metric Tonnes,12-08-2026
Maharashtra,Pune,APMC Pune ,Vegetables,Tomato,Local,Local,400,"2,000.00","1,200.00",Rs./Quintal,256.7,Metric Tonnes,11-08-2026
Maharashtra,Pune,APMC Pune ,Vegetables,Tomato,Local,Local,800,"1,600.00","1,200.00",Rs./Quintal,217.1,Metric Tonnes,10-08-2026
Maharashtra,Pune,APMC Pune ,Vegetables,Tomato,Local,Local,500,"1,600.00","1,050.00",Rs./Quintal,359.5,Metric Tonnes,07-08-2026
Maharashtra,Pune,APMC Pune ,Vegetables,Tomato,Local,Local,500,"2,500.00","1,500.00",Rs./Quintal,272.1,Metric Tonnes,06-08-2026
Maharashtra,Pune,APMC Pune ,Vegetables,Tomato,Local,Local,800,"2,500.00","1,650.00",Rs./Quintal,143.2,Metric Tonnes,05-08-2026
Maharashtra,Pune,APMC Pune ,Vegetables,Tomato,Local,Local,"1,000.00","2,200.00","1,600.00",Rs./Quintal,231.4,Metric Tonnes,04-08-2026
Maharashtra,Pune,APMC Pune ,Vegetables,Tomato,Local,Local,"1,000.00","2,500.00","1,750.00",Rs./Quintal,211.6,Metric Tonnes,03-08-2026
Maharashtra,Pune,APMC Pune ,Vegetables,Tomato,Local,Local,"1,000.00","2,500.00","1,750.00",Rs./Quintal,298.5,Metric Tonnes,02-08-2026
Maharashtra,Pune,APMC Pune ,Vegetables,Tomato,Local,Local,800,"2,000.00","1,400.00",Rs./Quintal,215.4,Metric Tonnes,30-07-2026
Maharashtra,Pune,APMC Pune ,Vegetables,Tomato,Local,Local,"1,000.00","1,600.00","1,300.00",Rs./Quintal,225.3,Metric Tonnes,29-07-2026
Maharashtra,Pune,APMC Pune ,Vegetables,Tomato,Local,Local,"1,000.00","2,000.00","1,500.00",Rs./Quintal,231.8,Metric Tonnes,28-07-2026
Maharashtra,Pune,APMC Pune ,Vegetables,Tomato,Local,Local,"1,000.00","2,200.00","1,600.00",Rs./Quintal,176.6,Metric Tonnes,27-07-2026
Maharashtra,Pune,APMC Pune ,Vegetables,Tomato,Local,Local,"1,000.00","2,500.00","1,750.00",Rs./Quintal,325.8,Metric Tonnes,26-07-2026
Maharashtra,Pune,APMC Pune ,Vegetables,Tomato,Local,Local,"1,000.00","2,000.00","1,500.00",Rs./Quintal,201.5,Metric Tonnes,23-07-2026
Maharashtra,Pune,APMC Pune ,Vegetables,Tomato,Local,Local,800,"2,000.00","1,400.00",Rs./Quintal,160.2,Metric Tonnes,22-07-2026
Maharashtra,Pune,APMC Pune ,Vegetables,Tomato,Local,Local,"1,000.00","1,800.00","1,400.00",Rs./Quintal,227.2,Metric Tonnes,21-07-2026
Maharashtra,Pune,APMC Pune ,Vegetables,Tomato,Local,Local,"1,000.00","2,000.00","1,500.00",Rs./Quintal,222.2,Metric Tonnes,20-07-2026
Maharashtra,Pune,APMC Pune ,Vegetables,Tomato,Local,Local,"1,000.00","2,000.00","1,500.00",Rs./Quintal,375.7,Metric Tonnes,19-07-2026
Maharashtra,Pune,APMC Pune ,Vegetables,Tomato,Local,Local,"1,000.00","2,500.00","1,750.00",Rs./Quintal,174.2,Metric Tonnes,17-07-2026
Maharashtra,Pune,APMC Pune ,Vegetables,Tomato,Local,Local,800,"1,500.00","1,150.00",Rs./Quintal,235.6,Metric Tonnes,16-07-2026
Maharashtra,Pune,APMC Pune ,Vegetables,Tomato,Local,Local,"1,000.00","1,800.00","1,400.00",Rs./Quintal,298.9,Metric Tonnes,15-07-2026
Maharashtra,Pune,APMC Pune ,Vegetables,Tomato,Local,Local,"1,000.00","2,000.00","1,500.00",Rs./Quintal,316.5,Metric Tonnes,14-07-2026
Maharashtra,Pune,APMC Pune ,Vegetables,Tomato,Local,Local,"1,000.00","2,000.00","1,500.00",Rs./Quintal,287.3,Metric Tonnes,13-07-2026
Maharashtra,Pune,APMC Pune ,Vegetables,Tomato,Local,Local,"1,000.00","2,000.00","1,500.00",Rs./Quintal,452.2,Metric Tonnes,12-07-2026
Maharashtra,Pune,APMC Pune ,Vegetables,Tomato,Local,Local,"1,000.00","2,200.00","1,600.00",Rs./Quintal,320.6,Metric Tonnes,10-07-2026
Maharashtra,Pune,APMC Pune ,Vegetables,Tomato,Local,Local,"1,000.00","2,500.00","1,750.00",Rs./Quintal,299,Metric Tonnes,09-07-2026
Maharashtra,Pune,APMC Pune ,Vegetables,Tomato,Local,Local,"1,000.00","2,000.00","1,500.00",Rs./Quintal,189.2,Metric Tonnes,07-07-2026
Maharashtra,Pune,APMC Pune ,Vegetables,Tomato,Local,Local,"1,000.00","2,500.00","1,750.00",Rs./Quintal,269.4,Metric Tonnes,06-07-2026
Maharashtra,Pune,APMC Pune ,Vegetables,Tomato,Local,Local,"1,000.00","3,000.00","2,000.00",Rs./Quintal,327,Metric Tonnes,05-07-2026
Maharashtra,Pune,APMC Pune ,Vegetables,Tomato,Local,Local,"1,000.00","2,200.00","1,600.00",Rs./Quintal,199.1,Metric Tonnes,02-07-2026
Maharashtra,Pune,APMC Pune ,Vegetables,Tomato,Local,Local,800,"1,000.00",900,Rs./Quintal,168.2,Metric Tonnes,01-07-2026
Maharashtra,Pune,APMC Pune ,Vegetables,Tomato,Local,Local,600,"1,600.00","1,100.00",Rs./Quintal,203.5,Metric Tonnes,30-06-2026
Maharashtra,Pune,APMC Pune ,Vegetables,Tomato,Local,Local,600,"1,600.00","1,100.00",Rs./Quintal,228.9,Metric Tonnes,29-06-2026
Maharashtra,Pune,APMC Pune ,Vegetables,Tomato,Local,Local,400,"1,600.00","1,000.00",Rs./Quintal,381.5,Metric Tonnes,28-06-2026
Maharashtra,Pune,APMC Pune ,Vegetables,Tomato,Local,Local,"1,000.00","2,200.00","1,600.00",Rs./Quintal,324.1,Metric Tonnes,26-06-2026
Maharashtra,Pune,APMC Pune ,Vegetables,Tomato,Local,Local,"1,000.00","2,200.00","1,600.00",Rs./Quintal,256.4,Metric Tonnes,25-06-2026
Maharashtra,Pune,APMC Pune ,Vegetables,Tomato,Local,Local,"1,000.00","2,500.00","1,750.00",Rs./Quintal,180.1,Metric Tonnes,24-06-2026
Maharashtra,Pune,APMC Pune ,Vegetables,Tomato,Local,Local,"1,000.00","2,500.00","1,750.00",Rs./Quintal,240.2,Metric Tonnes,23-06-2026
Maharashtra,Pune,APMC Pune ,Vegetables,Tomato,Local,Local,"1,000.00","2,500.00","1,750.00",Rs./Quintal,252.1,Metric Tonnes,22-06-2026
Maharashtra,Pune,APMC Pune ,Vegetables,Tomato,Local,Local,"1,000.00","3,500.00","2,250.00",Rs./Quintal,329.2,Metric Tonnes,21-06-2026
Maharashtra,Pune,APMC Pune ,Vegetables,Tomato,Local,Local,"1,000.00","2,500.00","1,750.00",Rs./Quintal,230.9,Metric Tonnes,19-06-2026
Maharashtra,Pune,APMC Pune ,Vegetables,Tomato,Local,Local,"1,000.00","2,800.00","1,900.00",Rs./Quintal,254.3,Metric Tonnes,18-06-2026
Maharashtra,Pune,APMC Pune ,Vegetables,Tomato,Local,Local,"1,000.00","3,500.00","2,250.00",Rs./Quintal,240.3,Metric Tonnes,17-06-2026
Maharashtra,Pune,APMC Pune ,Vegetables,Tomato,Local,Local,"1,000.00","3,000.00","2,000.00",Rs./Quintal,189,Metric Tonnes,16-06-2026
Maharashtra,Pune,APMC Pune ,Vegetables,Tomato,Local,Local,"1,600.00","3,000.00","2,250.00",Rs./Quintal,181.4,Metric Tonnes,15-06-2026
Maharashtra,Pune,APMC Pune ,Vegetables,Tomato,Local,Local,"1,000.00","3,000.00","2,000.00",Rs./Quintal,253.6,Metric Tonnes,12-06-2026
Maharashtra,Pune,APMC Pune ,Vegetables,Tomato,Local,Local,"1,000.00","3,600.00","2,300.00",Rs./Quintal,244,Metric Tonnes,11-06-2026
Maharashtra,Pune,APMC Pune ,Vegetables,Tomato,Local,Local,"1,000.00","4,000.00","2,500.00",Rs./Quintal,145.5,Metric Tonnes,10-06-2026
Maharashtra,Pune,APMC Pune ,Vegetables,Tomato,Local,Local,"1,000.00","3,000.00","2,000.00",Rs./Quintal,176.7,Metric Tonnes,09-06-2026
Maharashtra,Pune,APMC Pune ,Vegetables,Tomato,Local,Local,"1,000.00","2,600.00","1,800.00",Rs./Quintal,156.9,Metric Tonnes,08-06-2026
Maharashtra,Pune,APMC Pune ,Vegetables,Tomato,Local,Local,"1,000.00","2,500.00","1,750.00",Rs./Quintal,298.3,Metric Tonnes,07-06-2026
Maharashtra,Pune,APMC Pune ,Vegetables,Tomato,Local,Local,"1,000.00","3,000.00","2,000.00",Rs./Quintal,225.7,Metric Tonnes,05-06-2026
Maharashtra,Pune,APMC Pune ,Vegetables,Tomato,Local,Local,"1,000.00","2,600.00","1,800.00",Rs./Quintal,228.4,Metric Tonnes,04-06-2026
Maharashtra,Pune,APMC Pune ,Vegetables,Tomato,Local,Local,"1,000.00","3,000.00","2,000.00",Rs./Quintal,191,Metric Tonnes,03-06-2026
Maharashtra,Pune,APMC Pune ,Vegetables,Tomato,Local,Local,"1,000.00","3,000.00","2,000.00",Rs./Quintal,195,Metric Tonnes,02-06-2026
Maharashtra,Pune,APMC Pune ,Vegetables,Tomato,Local,Local,"1,000.00","3,000.00","2,000.00",Rs./Quintal,196,Metric Tonnes,01-06-2026
Maharashtra,Pune,APMC Pune ,Vegetables,Tomato,Local,Local,"1,000.00","3,000.00","2,000.00",Rs./Quintal,219.6,Metric Tonnes,31-05-2026
Maharashtra,Pune,APMC Pune ,Vegetables,Tomato,Local,Local,"1,000.00","3,000.00","2,000.00",Rs./Quintal,209.6,Metric Tonnes,29-05-2026
Maharashtra,Pune,APMC Pune ,Vegetables,Tomato,Local,Local,"1,000.00","2,500.00","1,750.00",Rs./Quintal,191.3,Metric Tonnes,28-05-2026
Maharashtra,Pune,APMC Pune ,Vegetables,Tomato,Local,Local,"1,000.00","2,700.00","1,850.00",Rs./Quintal,153.7,Metric Tonnes,27-05-2026
Maharashtra,Pune,APMC Pune ,Vegetables,Tomato,Local,Local,"1,000.00","2,500.00","1,750.00",Rs./Quintal,200.1,Metric Tonnes,26-05-2026
Maharashtra,Pune,APMC Pune ,Vegetables,Tomato,Local,Local,"1,000.00","2,500.00","1,750.00",Rs./Quintal,193.1,Metric Tonnes,25-05-2026
Maharashtra,Pune,APMC Pune ,Vegetables,Tomato,Local,Local,"1,000.00","2,500.00","1,750.00",Rs./Quintal,246.7,Metric Tonnes,24-05-2026
Maharashtra,Pune,APMC Pune ,Vegetables,Tomato,Local,Local,"1,000.00","3,000.00","2,000.00",Rs./Quintal,204.2,Metric Tonnes,22-05-2026
Maharashtra,Pune,APMC Pune ,Vegetables,Tomato,Local,Local,"1,000.00","2,200.00","1,600.00",Rs./Quintal,218,Metric Tonnes,21-05-2026
Maharashtra,Pune,APMC Pune ,Vegetables,Tomato,Local,Local,"1,000.00","2,500.00","1,750.00",Rs./Quintal,201.1,Metric Tonnes,20-05-2026
Maharashtra,Pune,APMC Pune ,Vegetables,Tomato,Local,Local,"1,000.00","2,600.00","1,800.00",Rs./Quintal,169.9,Metric Tonnes,19-05-2026
Maharashtra,Pune,APMC Pune ,Vegetables,Tomato,Local,Local,"1,000.00","3,000.00","2,000.00",Rs./Quintal,137.5,Metric Tonnes,18-05-2026
Maharashtra,Pune,APMC Pune ,Vegetables,Tomato,Local,Local,"1,000.00","3,000.00","2,000.00",Rs./Quintal,283.5,Metric Tonnes,17-05-2026
Maharashtra,Pune,APMC Pune ,Vegetables,Tomato,Local,Local,"1,000.00","3,000.00","2,000.00",Rs./Quintal,254.6,Metric Tonnes,15-05-2026
Maharashtra,Pune,APMC Pune ,Vegetables,Tomato,Local,Local,"1,000.00","3,000.00","2,000.00",Rs./Quintal,133.9,Metric Tonnes,14-05-2026
Maharashtra,Pune,APMC Pune ,Vegetables,Tomato,Local,Local,"1,000.00","3,000.00","2,000.00",Rs./Quintal,144,Metric Tonnes,13-05-2026
Maharashtra,Pune,APMC Pune ,Vegetables,Tomato,Local,Local,"1,000.00","3,000.00","2,000.00",Rs./Quintal,180.1,Metric Tonnes,12-05-2026
Maharashtra,Pune,APMC Pune ,Vegetables,Tomato,Local,Local,400,"2,700.00","1,550.00",Rs./Quintal,150.2,Metric Tonnes,11-05-2026
Maharashtra,Pune,APMC Pune ,Vegetables,Tomato,Local,Local,"1,000.00","2,500.00","1,750.00",Rs./Quintal,207.8,Metric Tonnes,10-05-2026
Maharashtra,Pune,APMC Pune ,Vegetables,Tomato,Local,Local,"1,000.00","1,800.00","1,400.00",Rs./Quintal,215.6,Metric Tonnes,05-05-2026
Maharashtra,Pune,APMC Pune ,Vegetables,Tomato,Local,Local,"1,000.00","2,000.00","1,500.00",Rs./Quintal,178.1,Metric Tonnes,04-05-2026
Maharashtra,Pune,APMC Pune ,Vegetables,Tomato,Local,Local,"1,000.00","3,000.00","2,000.00",Rs./Quintal,208.1,Metric Tonnes,03-05-2026
Maharashtra,Pune,Junnar(Narayangaon) ,Vegetables,Tomato,Local,Local,750,"1,750.00","1,500.00",Rs./Quintal,682,Metric Tonnes,31-08-2026
Maharashtra,Pune,Junnar(Narayangaon) ,Vegetables,Tomato,Local,Local,750,"1,750.00","1,500.00",Rs./Quintal,593.5,Metric Tonnes,30-08-2026
Maharashtra,Pune,Junnar(Narayangaon) ,Vegetables,Tomato,Local,Local,500,"1,375.00","1,000.00",Rs./Quintal,547.5,Metric Tonnes,29-08-2026
Maharashtra,Pune,Junnar(Narayangaon) ,Vegetables,Tomato,Local,Local,500,"1,250.00","1,000.00",Rs./Quintal,561,Metric Tonnes,28-08-2026
Maharashtra,Pune,Junnar(Narayangaon) ,Vegetables,Tomato,Local,Local,500,"1,250.00","1,000.00",Rs./Quintal,633,Metric Tonnes,27-08-2026
Maharashtra,Pune,Junnar(Narayangaon) ,Vegetables,Tomato,Local,Local,500,"1,250.00","1,000.00",Rs./Quintal,620.5,Metric Tonnes,24-08-2026
Maharashtra,Pune,Junnar(Narayangaon) ,Vegetables,Tomato,Local,Local,500,"1,250.00","1,000.00",Rs./Quintal,573,Metric Tonnes,23-08-2026
Maharashtra,Pune,Junnar(Narayangaon) ,Vegetables,Tomato,Local,Local,500,"1,250.00","1,000.00",Rs./Quintal,488.5,Metric Tonnes,22-08-2026
Maharashtra,Pune,Junnar(Narayangaon) ,Vegetables,Tomato,Local,Local,101,"1,250.00","1,000.00",Rs./Quintal,553,Metric Tonnes,21-08-2026
Maharashtra,Pune,Junnar(Narayangaon) ,Vegetables,Tomato,Local,Local,500,"1,250.00","1,000.00",Rs./Quintal,644.8,Metric Tonnes,20-08-2026
Maharashtra,Pune,Junnar(Narayangaon) ,Vegetables,Tomato,Local,Local,500,"1,500.00","1,000.00",Rs./Quintal,636,Metric Tonnes,19-08-2026
Maharashtra,Pune,Junnar(Narayangaon) ,Vegetables,Tomato,Local,Local,500,"2,000.00","1,500.00",Rs./Quintal,646,Metric Tonnes,17-08-2026
Maharashtra,Pune,Junnar(Narayangaon) ,Vegetables,Tomato,Local,Local,500,"2,000.00","1,500.00",Rs./Quintal,602,Metric Tonnes,16-08-2026
Maharashtra,Pune,Junnar(Narayangaon) ,Vegetables,Tomato,Local,Local,500,"2,000.00","1,500.00",Rs./Quintal,587.2,Metric Tonnes,15-08-2026
Maharashtra,Pune,Junnar(Narayangaon) ,Vegetables,Tomato,Local,Local,500,"2,000.00","1,500.00",Rs./Quintal,586.7,Metric Tonnes,14-08-2026
Maharashtra,Pune,Junnar(Narayangaon) ,Vegetables,Tomato,Local,Local,500,"2,250.00","1,500.00",Rs./Quintal,508,Metric Tonnes,13-08-2026
Maharashtra,Pune,Junnar(Narayangaon) ,Vegetables,Tomato,Local,Local,500,"2,250.00","1,500.00",Rs./Quintal,526.7,Metric Tonnes,12-08-2026
Maharashtra,Pune,Junnar(Narayangaon) ,Vegetables,Tomato,Local,Local,500,"2,000.00","1,500.00",Rs./Quintal,469.2,Metric Tonnes,07-08-2026
Maharashtra,Pune,Junnar(Narayangaon) ,Vegetables,Tomato,Local,Local,500,"2,000.00","1,500.00",Rs./Quintal,361.5,Metric Tonnes,06-08-2026
Maharashtra,Pune,Junnar(Narayangaon) ,Vegetables,Tomato,Local,Local,500,"2,000.00","1,500.00",Rs./Quintal,364,Metric Tonnes,05-08-2026
Maharashtra,Pune,Junnar(Narayangaon) ,Vegetables,Tomato,Local,Local,500,"2,000.00","1,500.00",Rs./Quintal,417.8,Metric Tonnes,03-08-2026
Maharashtra,Pune,Junnar(Narayangaon) ,Vegetables,Tomato,Local,Local,751,"2,250.00","1,500.00",Rs./Quintal,441.5,Metric Tonnes,02-08-2026
Maharashtra,Pune,Junnar(Narayangaon) ,Vegetables,Tomato,Local,Local,751,"2,250.00","1,500.00",Rs./Quintal,363.6,Metric Tonnes,01-08-2026
Maharashtra,Pune,Junnar(Narayangaon) ,Vegetables,Tomato,Local,Local,751,"2,500.00","1,750.00",Rs./Quintal,425,Metric Tonnes,31-07-2026
Maharashtra,Pune,Junnar(Narayangaon) ,Vegetables,Tomato,Local,Local,751,"2,501.00","1,751.00",Rs./Quintal,460.7,Metric Tonnes,29-07-2026
Maharashtra,Pune,Junnar(Narayangaon) ,Vegetables,Tomato,Local,Local,751,"2,250.00","1,750.00",Rs./Quintal,350,Metric Tonnes,26-07-2026
Maharashtra,Pune,Junnar(Narayangaon) ,Vegetables,Tomato,Local,Local,751,"2,501.00","2,001.00",Rs./Quintal,421,Metric Tonnes,25-07-2026
Maharashtra,Pune,Junnar(Narayangaon) ,Vegetables,Tomato,Local,Local,500,"2,250.00","1,500.00",Rs./Quintal,432.5,Metric Tonnes,24-07-2026
Maharashtra,Pune,Junnar(Narayangaon) ,Vegetables,Tomato,Local,Local,500,"2,000.00","1,500.00",Rs./Quintal,448,Metric Tonnes,23-07-2026
Maharashtra,Pune,Junnar(Narayangaon) ,Vegetables,Tomato,Local,Local,500,"2,250.00","1,500.00",Rs./Quintal,507.5,Metric Tonnes,22-07-2026
Maharashtra,Pune,Junnar(Narayangaon) ,Vegetables,Tomato,Local,Local,"1,000.00","2,501.00","2,001.00",Rs./Quintal,603.2,Metric Tonnes,20-07-2026
Maharashtra,Pune,Junnar(Narayangaon) ,Vegetables,Tomato,Local,Local,"1,000.00","2,750.00","2,000.00",Rs./Quintal,513.5,Metric Tonnes,19-07-2026
Maharashtra,Pune,Junnar(Narayangaon) ,Vegetables,Tomato,Local,Local,"1,000.00","2,750.00","2,000.00",Rs./Quintal,659,Metric Tonnes,18-07-2026
Maharashtra,Pune,Junnar(Narayangaon) ,Vegetables,Tomato,Local,Local,"1,000.00","2,750.00","2,000.00",Rs./Quintal,698,Metric Tonnes,17-07-2026
Maharashtra,Pune,Junnar(Narayangaon) ,Vegetables,Tomato,Local,Local,750,"2,500.00","2,000.00",Rs./Quintal,597.5,Metric Tonnes,16-07-2026
Maharashtra,Pune,Junnar(Narayangaon) ,Vegetables,Tomato,Local,Local,"1,000.00","3,000.00","2,000.00",Rs./Quintal,640,Metric Tonnes,15-07-2026
Maharashtra,Pune,Junnar(Narayangaon) ,Vegetables,Tomato,Local,Local,500,"2,250.00","1,750.00",Rs./Quintal,700,Metric Tonnes,13-07-2026
Maharashtra,Pune,Junnar(Narayangaon) ,Vegetables,Tomato,Local,Local,500,"2,250.00","1,750.00",Rs./Quintal,631.4,Metric Tonnes,12-07-2026
Maharashtra,Pune,Junnar(Narayangaon) ,Vegetables,Tomato,Local,Local,500,"2,000.00","1,500.00",Rs./Quintal,606.7,Metric Tonnes,11-07-2026
Maharashtra,Pune,Junnar(Narayangaon) ,Vegetables,Tomato,Local,Local,"1,000.00","2,500.00","2,000.00",Rs./Quintal,535.8,Metric Tonnes,10-07-2026
Maharashtra,Pune,Junnar(Narayangaon) ,Vegetables,Tomato,Local,Local,"1,000.00","2,750.00","2,000.00",Rs./Quintal,374.5,Metric Tonnes,09-07-2026
Maharashtra,Pune,Junnar(Narayangaon) ,Vegetables,Tomato,Local,Local,"1,000.00","2,750.00","2,000.00",Rs./Quintal,487.1,Metric Tonnes,08-07-2026
Maharashtra,Pune,Junnar(Narayangaon) ,Vegetables,Tomato,Local,Local,"1,000.00","2,750.00","2,000.00",Rs./Quintal,610.5,Metric Tonnes,06-07-2026
Maharashtra,Pune,Junnar(Narayangaon) ,Vegetables,Tomato,Local,Local,"1,000.00","2,500.00","2,000.00",Rs./Quintal,486,Metric Tonnes,05-07-2026
Maharashtra,Pune,Junnar(Narayangaon) ,Vegetables,Tomato,Local,Local,"1,500.00","3,000.00","2,500.00",Rs./Quintal,675.8,Metric Tonnes,04-07-2026
Maharashtra,Pune,Junnar(Narayangaon) ,Vegetables,Tomato,Local,Local,"1,000.00","2,500.00","2,000.00",Rs./Quintal,886.5,Metric Tonnes,03-07-2026
Maharashtra,Pune,Junnar(Narayangaon) ,Vegetables,Tomato,Local,Local,750,"2,250.00","1,500.00",Rs./Quintal,780,Metric Tonnes,02-07-2026
Maharashtra,Pune,Junnar(Narayangaon) ,Vegetables,Tomato,Local,Local,"1,000.00","2,750.00","2,000.00",Rs./Quintal,722,Metric Tonnes,01-07-2026
Maharashtra,Pune,Junnar(Narayangaon) ,Vegetables,Tomato,Local,Local,"1,500.00","3,000.00","2,000.00",Rs./Quintal,759.1,Metric Tonnes,30-06-2026
Maharashtra,Pune,Junnar(Narayangaon) ,Vegetables,Tomato,Local,Local,"1,000.00","2,500.00","2,000.00",Rs./Quintal,872,Metric Tonnes,29-06-2026
Maharashtra,Pune,Junnar(Narayangaon) ,Vegetables,Tomato,Local,Local,500,"2,000.00","1,500.00",Rs./Quintal,879.8,Metric Tonnes,28-06-2026
Maharashtra,Pune,Junnar(Narayangaon) ,Vegetables,Tomato,Local,Local,500,"2,250.00","1,500.00",Rs./Quintal,994,Metric Tonnes,27-06-2026
Maharashtra,Pune,Junnar(Narayangaon) ,Vegetables,Tomato,Local,Local,500,"2,000.00","1,500.00",Rs./Quintal,"1,120.00",Metric Tonnes,26-06-2026
Maharashtra,Pune,Junnar(Narayangaon) ,Vegetables,Tomato,Local,Local,500,"2,250.00","1,500.00",Rs./Quintal,936.4,Metric Tonnes,25-06-2026
Maharashtra,Pune,Junnar(Narayangaon) ,Vegetables,Tomato,Local,Local,500,"2,250.00","1,500.00",Rs./Quintal,897.5,Metric Tonnes,24-06-2026
Maharashtra,Pune,Junnar(Narayangaon) ,Vegetables,Tomato,Local,Local,"1,000.00","2,750.00","2,000.00",Rs./Quintal,971.2,Metric Tonnes,22-06-2026
Maharashtra,Pune,Junnar(Narayangaon) ,Vegetables,Tomato,Local,Local,"1,000.00","3,000.00","2,000.00",Rs./Quintal,866.7,Metric Tonnes,21-06-2026
Maharashtra,Pune,Junnar(Narayangaon) ,Vegetables,Tomato,Local,Local,"1,000.00","3,000.00","2,000.00",Rs./Quintal,804.7,Metric Tonnes,20-06-2026
Maharashtra,Pune,Junnar(Narayangaon) ,Vegetables,Tomato,Local,Local,"1,000.00","2,750.00","2,000.00",Rs./Quintal,896.2,Metric Tonnes,19-06-2026
Maharashtra,Pune,Junnar(Narayangaon) ,Vegetables,Tomato,Local,Local,"1,000.00","2,750.00","2,000.00",Rs./Quintal,754.8,Metric Tonnes,18-06-2026
Maharashtra,Pune,Junnar(Narayangaon) ,Vegetables,Tomato,Local,Local,"1,000.00","2,750.00","2,000.00",Rs./Quintal,923.7,Metric Tonnes,15-06-2026
Maharashtra,Pune,Junnar(Narayangaon) ,Vegetables,Tomato,Local,Local,"1,500.00","3,000.00","2,000.00",Rs./Quintal,815.5,Metric Tonnes,14-06-2026
Maharashtra,Pune,Junnar(Narayangaon) ,Vegetables,Tomato,Local,Local,"1,000.00","2,500.00","2,000.00",Rs./Quintal,789.5,Metric Tonnes,13-06-2026
Maharashtra,Pune,Junnar(Narayangaon) ,Vegetables,Tomato,Local,Local,"1,000.00","2,500.00","2,000.00",Rs./Quintal,841,Metric Tonnes,12-06-2026
Maharashtra,Pune,Junnar(Narayangaon) ,Vegetables,Tomato,Local,Local,"1,500.00","3,500.00","3,000.00",Rs./Quintal,630.7,Metric Tonnes,08-06-2026
Maharashtra,Pune,Junnar(Narayangaon) ,Vegetables,Tomato,Local,Local,"1,500.00","3,000.00","2,500.00",Rs./Quintal,623.5,Metric Tonnes,07-06-2026
Maharashtra,Pune,Junnar(Narayangaon) ,Vegetables,Tomato,Local,Local,"1,000.00","2,750.00","2,000.00",Rs./Quintal,558,Metric Tonnes,06-06-2026
Maharashtra,Pune,Junnar(Narayangaon) ,Vegetables,Tomato,Local,Local,"1,000.00","2,750.00","2,000.00",Rs./Quintal,540,Metric Tonnes,05-06-2026
Maharashtra,Pune,Junnar(Narayangaon) ,Vegetables,Tomato,Local,Local,"1,000.00","2,500.00","2,000.00",Rs./Quintal,525.5,Metric Tonnes,04-06-2026
Maharashtra,Pune,Junnar(Narayangaon) ,Vegetables,Tomato,Local,Local,"1,000.00","2,500.00","2,000.00",Rs./Quintal,474.5,Metric Tonnes,03-06-2026
Maharashtra,Pune,Junnar(Narayangaon) ,Vegetables,Tomato,Local,Local,"1,000.00","2,750.00","1,750.00",Rs./Quintal,466.7,Metric Tonnes,02-06-2026
Maharashtra,Pune,Junnar(Narayangaon) ,Vegetables,Tomato,Local,Local,"1,000.00","2,750.00","1,750.00",Rs./Quintal,426,Metric Tonnes,01-06-2026
Maharashtra,Pune,Junnar(Narayangaon) ,Vegetables,Tomato,Local,Local,"1,000.00","2,750.00","1,750.00",Rs./Quintal,423.1,Metric Tonnes,31-05-2026
Maharashtra,Pune,Junnar(Narayangaon) ,Vegetables,Tomato,Local,Local,"1,000.00","2,750.00","1,750.00",Rs./Quintal,432.7,Metric Tonnes,29-05-2026
Maharashtra,Pune,Junnar(Narayangaon) ,Vegetables,Tomato,Local,Local,"1,000.00","2,750.00","1,750.00",Rs./Quintal,420,Metric Tonnes,28-05-2026
Maharashtra,Pune,Junnar(Narayangaon) ,Vegetables,Tomato,Local,Local,"1,000.00","2,750.00","1,750.00",Rs./Quintal,454.2,Metric Tonnes,24-05-2026
Maharashtra,Pune,Junnar(Narayangaon) ,Vegetables,Tomato,Local,Local,"1,000.00","2,750.00","1,750.00",Rs./Quintal,392,Metric Tonnes,23-05-2026
Maharashtra,Pune,Junnar(Narayangaon) ,Vegetables,Tomato,Local,Local,"1,000.00","2,750.00","1,750.00",Rs./Quintal,407.1,Metric Tonnes,22-05-2026
Maharashtra,Pune,Junnar(Narayangaon) ,Vegetables,Tomato,Local,Local,"1,000.00","2,750.00","1,750.00",Rs./Quintal,431.5,Metric Tonnes,21-05-2026
Maharashtra,Pune,Junnar(Narayangaon) ,Vegetables,Tomato,Local,Local,"1,000.00","2,750.00","1,750.00",Rs./Quintal,386.5,Metric Tonnes,20-05-2026
Maharashtra,Pune,Junnar(Narayangaon) ,Vegetables,Tomato,Local,Local,"1,000.00","2,750.00","1,750.00",Rs./Quintal,381.5,Metric Tonnes,18-05-2026
Maharashtra,Pune,Junnar(Narayangaon) ,Vegetables,Tomato,Local,Local,"1,000.00","2,750.00","1,750.00",Rs./Quintal,382,Metric Tonnes,17-05-2026
Maharashtra,Pune,Junnar(Narayangaon) ,Vegetables,Tomato,Local,Local,"1,500.00","3,000.00","2,500.00",Rs./Quintal,344,Metric Tonnes,15-05-2026
Maharashtra,Pune,Junnar(Narayangaon) ,Vegetables,Tomato,Local,Local,"1,500.00","3,000.00","2,500.00",Rs./Quintal,416.5,Metric Tonnes,14-05-2026
Maharashtra,Pune,Junnar(Narayangaon) ,Vegetables,Tomato,Local,Local,"1,000.00","2,500.00","2,000.00",Rs./Quintal,443.2,Metric Tonnes,13-05-2026
Maharashtra,Pune,Junnar(Narayangaon) ,Vegetables,Tomato,Local,Local,"1,000.00","2,500.00","2,000.00",Rs./Quintal,353.1,Metric Tonnes,12-05-2026
Maharashtra,Pune,Junnar(Narayangaon) ,Vegetables,Tomato,Local,Local,"1,000.00","2,750.00","2,250.00",Rs./Quintal,380.3,Metric Tonnes,11-05-2026
Maharashtra,Pune,Junnar(Narayangaon) ,Vegetables,Tomato,Local,Local,"1,000.00","2,750.00","2,250.00",Rs./Quintal,378.5,Metric Tonnes,10-05-2026
Maharashtra,Pune,Junnar(Narayangaon) ,Vegetables,Tomato,Local,Local,"1,000.00","2,500.00","2,000.00",Rs./Quintal,410,Metric Tonnes,08-05-2026
Maharashtra,Pune,Junnar(Narayangaon) ,Vegetables,Tomato,Local,Local,"1,000.00","2,500.00","2,000.00",Rs./Quintal,490.8,Metric Tonnes,07-05-2026
Maharashtra,Pune,Junnar(Narayangaon) ,Vegetables,Tomato,Local,Local,"1,000.00","2,250.00","1,750.00",Rs./Quintal,439.5,Metric Tonnes,06-05-2026
Maharashtra,Pune,Junnar(Narayangaon) ,Vegetables,Tomato,Local,Local,"1,000.00","2,375.00","2,000.00",Rs./Quintal,478.7,Metric Tonnes,05-05-2026
Maharashtra,Pune,Junnar(Narayangaon) ,Vegetables,Tomato,Local,Local,"1,000.00","2,500.00","2,000.00",Rs./Quintal,415.2,Metric Tonnes,02-05-2026
Maharashtra,Pune,Junnar(Narayangaon) ,Vegetables,Tomato,Local,Local,"1,250.00","2,750.00","2,250.00",Rs./Quintal,444.6,Metric Tonnes,01-05-2026
Maharashtra,Pune,Khed(Chakan) ,Vegetables,Tomato,Other,Local,800,"1,800.00","1,300.00",Rs./Quintal,36.9,Metric Tonnes,01-09-2026
Maharashtra,Pune,Khed(Chakan) ,Vegetables,Tomato,Other,Local,600,"1,300.00","1,000.00",Rs./Quintal,29.3,Metric Tonnes,29-08-2026
Maharashtra,Pune,Khed(Chakan) ,Vegetables,Tomato,Other,Local,600,"1,200.00",800,Rs./Quintal,24.9,Metric Tonnes,28-08-2026
Maharashtra,Pune,Khed(Chakan) ,Vegetables,Tomato,Other,Local,500,"1,300.00","1,000.00",Rs./Quintal,34.6,Metric Tonnes,27-08-2026
Maharashtra,Pune,Khed(Chakan) ,Vegetables,Tomato,Other,Local,500,"1,500.00","1,000.00",Rs./Quintal,30.6,Metric Tonnes,26-08-2026
Maharashtra,Pune,Khed(Chakan) ,Vegetables,Tomato,Other,Local,700,"1,500.00","1,000.00",Rs./Quintal,34.7,Metric Tonnes,25-08-2026
Maharashtra,Pune,Khed(Chakan) ,Vegetables,Tomato,Other,Local,500,"1,500.00","1,000.00",Rs./Quintal,33.5,Metric Tonnes,23-08-2026
Maharashtra,Pune,Khed(Chakan) ,Vegetables,Tomato,Other,Local,500,"1,500.00","1,000.00",Rs./Quintal,37.5,Metric Tonnes,22-08-2026
Maharashtra,Pune,Khed(Chakan) ,Vegetables,Tomato,Other,Local,500,"1,500.00","1,000.00",Rs./Quintal,30.7,Metric Tonnes,21-08-2026
Maharashtra,Pune,Khed(Chakan) ,Vegetables,Tomato,Other,Local,500,"1,500.00","1,000.00",Rs./Quintal,49,Metric Tonnes,20-08-2026
Maharashtra,Pune,Khed(Chakan) ,Vegetables,Tomato,Other,Local,800,"2,000.00","1,500.00",Rs./Quintal,33.7,Metric Tonnes,19-08-2026
Maharashtra,Pune,Khed(Chakan) ,Vegetables,Tomato,Other,Local,"1,000.00","2,000.00","1,500.00",Rs./Quintal,30,Metric Tonnes,18-08-2026
Maharashtra,Pune,Khed(Chakan) ,Vegetables,Tomato,Other,Local,700,"2,000.00","1,400.00",Rs./Quintal,32.7,Metric Tonnes,14-08-2026
Maharashtra,Pune,Khed(Chakan) ,Vegetables,Tomato,Other,Local,"1,000.00","2,200.00","1,500.00",Rs./Quintal,32.7,Metric Tonnes,13-08-2026
Maharashtra,Pune,Khed(Chakan) ,Vegetables,Tomato,Other,Local,700,"2,000.00","1,500.00",Rs./Quintal,30.7,Metric Tonnes,12-08-2026
Maharashtra,Pune,Khed(Chakan) ,Vegetables,Tomato,Other,Local,800,"2,000.00","1,500.00",Rs./Quintal,32.7,Metric Tonnes,11-08-2026
Maharashtra,Pune,Khed(Chakan) ,Vegetables,Tomato,Other,Local,"1,000.00","2,000.00","1,500.00",Rs./Quintal,35.6,Metric Tonnes,09-08-2026
Maharashtra,Pune,Khed(Chakan) ,Vegetables,Tomato,Other,Local,"1,000.00","2,000.00","1,500.00",Rs./Quintal,32.9,Metric Tonnes,08-08-2026
Maharashtra,Pune,Khed(Chakan) ,Vegetables,Tomato,Other,Local,"1,000.00","2,000.00","1,500.00",Rs./Quintal,29.3,Metric Tonnes,07-08-2026
Maharashtra,Pune,Khed(Chakan) ,Vegetables,Tomato,Other,Local,"1,000.00","2,500.00","1,600.00",Rs./Quintal,32.9,Metric Tonnes,06-08-2026
Maharashtra,Pune,Khed(Chakan) ,Vegetables,Tomato,Other,Local,"1,000.00","2,300.00","1,500.00",Rs./Quintal,29.3,Metric Tonnes,05-08-2026
Maharashtra,Pune,Khed(Chakan) ,Vegetables,Tomato,Other,Local,"1,000.00","2,000.00","1,500.00",Rs./Quintal,31.3,Metric Tonnes,04-08-2026
Maharashtra,Pune,Khed(Chakan) ,Vegetables,Tomato,Other,Local,"1,000.00","2,000.00","1,500.00",Rs./Quintal,26.8,Metric Tonnes,31-07-2026
Maharashtra,Pune,Khed(Chakan) ,Vegetables,Tomato,Other,Local,"1,000.00","2,000.00","1,500.00",Rs./Quintal,32.9,Metric Tonnes,30-07-2026
Maharashtra,Pune,Khed(Chakan) ,Vegetables,Tomato,Other,Local,"1,000.00","2,200.00","1,500.00",Rs./Quintal,16.8,Metric Tonnes,29-07-2026
Maharashtra,Pune,Khed(Chakan) ,Vegetables,Tomato,Other,Local,"1,500.00","2,500.00","2,000.00",Rs./Quintal,28.7,Metric Tonnes,28-07-2026
Maharashtra,Pune,Khed(Chakan) ,Vegetables,Tomato,Other,Local,"1,500.00","2,500.00","2,000.00",Rs./Quintal,30.6,Metric Tonnes,26-07-2026
Maharashtra,Pune,Khed(Chakan) ,Vegetables,Tomato,Other,Local,"1,000.00","1,800.00","1,400.00",Rs./Quintal,26.9,Metric Tonnes,24-07-2026
Maharashtra,Pune,Khed(Chakan) ,Vegetables,Tomato,Other,Local,"1,000.00","1,500.00","1,200.00",Rs./Quintal,34.9,Metric Tonnes,23-07-2026
Maharashtra,Pune,Khed(Chakan) ,Vegetables,Tomato,Other,Local,"1,000.00","2,000.00","1,500.00",Rs./Quintal,30.9,Metric Tonnes,22-07-2026
Maharashtra,Pune,Khed(Chakan) ,Vegetables,Tomato,Other,Local,"1,000.00","2,000.00","1,500.00",Rs./Quintal,32.8,Metric Tonnes,21-07-2026
Maharashtra,Pune,Khed(Chakan) ,Vegetables,Tomato,Other,Local,"1,500.00","2,500.00","2,000.00",Rs./Quintal,32.9,Metric Tonnes,19-07-2026
Maharashtra,Pune,Khed(Chakan) ,Vegetables,Tomato,Other,Local,"1,000.00","2,000.00","1,500.00",Rs./Quintal,19.6,Metric Tonnes,17-07-2026
Maharashtra,Pune,Khed(Chakan) ,Vegetables,Tomato,Other,Local,"1,500.00","2,500.00","2,000.00",Rs./Quintal,32.9,Metric Tonnes,16-07-2026
Maharashtra,Pune,Khed(Chakan) ,Vegetables,Tomato,Other,Local,"1,000.00","2,000.00","1,500.00",Rs./Quintal,31.7,Metric Tonnes,15-07-2026
Maharashtra,Pune,Khed(Chakan) ,Vegetables,Tomato,Other,Local,"1,000.00","3,000.00","2,000.00",Rs./Quintal,32.6,Metric Tonnes,14-07-2026
Maharashtra,Pune,Khed(Chakan) ,Vegetables,Tomato,Other,Local,"2,000.00","3,000.00","2,500.00",Rs./Quintal,32.9,Metric Tonnes,12-07-2026
Maharashtra,Pune,Khed(Chakan) ,Vegetables,Tomato,Other,Local,"1,000.00","2,500.00","1,500.00",Rs./Quintal,34.2,Metric Tonnes,11-07-2026
Maharashtra,Pune,Khed(Chakan) ,Vegetables,Tomato,Other,Local,"2,000.00","2,500.00","2,500.00",Rs./Quintal,6.3,Metric Tonnes,10-07-2026
Maharashtra,Pune,Khed(Chakan) ,Vegetables,Tomato,Other,Local,"2,000.00","4,000.00","3,000.00",Rs./Quintal,26.5,Metric Tonnes,09-07-2026
Maharashtra,Pune,Khed(Chakan) ,Vegetables,Tomato,Other,Local,"1,000.00","2,000.00","1,500.00",Rs./Quintal,29.2,Metric Tonnes,08-07-2026
Maharashtra,Pune,Khed(Chakan) ,Vegetables,Tomato,Other,Local,"1,000.00","2,200.00","1,600.00",Rs./Quintal,32.6,Metric Tonnes,07-07-2026
Maharashtra,Pune,Khed(Chakan) ,Vegetables,Tomato,Other,Local,"2,000.00","3,500.00","2,700.00",Rs./Quintal,29.3,Metric Tonnes,05-07-2026
Maharashtra,Pune,Khed(Chakan) ,Vegetables,Tomato,Other,Local,"1,500.00","2,500.00","2,000.00",Rs./Quintal,27.8,Metric Tonnes,04-07-2026
Maharashtra,Pune,Khed(Chakan) ,Vegetables,Tomato,Other,Local,"1,500.00","2,300.00","1,800.00",Rs./Quintal,23.8,Metric Tonnes,03-07-2026
Maharashtra,Pune,Khed(Chakan) ,Vegetables,Tomato,Other,Local,"1,500.00","2,500.00","2,000.00",Rs./Quintal,30,Metric Tonnes,02-07-2026
Maharashtra,Pune,Khed(Chakan) ,Vegetables,Tomato,Other,Local,"1,000.00","2,500.00","1,500.00",Rs./Quintal,28.6,Metric Tonnes,01-07-2026
Maharashtra,Pune,Khed(Chakan) ,Vegetables,Tomato,Other,Local,"1,500.00","2,500.00","2,000.00",Rs./Quintal,31.9,Metric Tonnes,30-06-2026
Maharashtra,Pune,Khed(Chakan) ,Vegetables,Tomato,Other,Local,"1,000.00","2,500.00","1,500.00",Rs./Quintal,35.6,Metric Tonnes,28-06-2026
Maharashtra,Pune,Khed(Chakan) ,Vegetables,Tomato,Other,Local,"1,000.00","2,500.00","2,000.00",Rs./Quintal,32.9,Metric Tonnes,27-06-2026
Maharashtra,Pune,Khed(Chakan) ,Vegetables,Tomato,Other,Local,"1,500.00","3,000.00","2,200.00",Rs./Quintal,24.9,Metric Tonnes,26-06-2026
Maharashtra,Pune,Khed(Chakan) ,Vegetables,Tomato,Other,Local,"1,000.00","2,500.00","1,800.00",Rs./Quintal,30.7,Metric Tonnes,25-06-2026
Maharashtra,Pune,Khed(Chakan) ,Vegetables,Tomato,Other,Local,"2,000.00","3,000.00","2,500.00",Rs./Quintal,24.8,Metric Tonnes,24-06-2026
Maharashtra,Pune,Khed(Chakan) ,Vegetables,Tomato,Other,Local,"1,500.00","2,500.00","2,000.00",Rs./Quintal,33.2,Metric Tonnes,23-06-2026
Maharashtra,Pune,Khed(Chakan) ,Vegetables,Tomato,Other,Local,"2,000.00","3,000.00","2,500.00",Rs./Quintal,24.9,Metric Tonnes,19-06-2026
Maharashtra,Pune,Khed(Chakan) ,Vegetables,Tomato,Other,Local,"1,500.00","3,000.00","2,200.00",Rs./Quintal,30.4,Metric Tonnes,18-06-2026
Maharashtra,Pune,Khed(Chakan) ,Vegetables,Tomato,Other,Local,"1,500.00","3,000.00","2,200.00",Rs./Quintal,29.4,Metric Tonnes,17-06-2026
Maharashtra,Pune,Khed(Chakan) ,Vegetables,Tomato,Other,Local,"2,000.00","3,500.00","2,500.00",Rs./Quintal,27.6,Metric Tonnes,16-06-2026
Maharashtra,Pune,Khed(Chakan) ,Vegetables,Tomato,Other,Local,"1,500.00","3,000.00","2,200.00",Rs./Quintal,32.8,Metric Tonnes,14-06-2026
Maharashtra,Pune,Khed(Chakan) ,Vegetables,Tomato,Other,Local,"2,000.00","3,000.00","2,500.00",Rs./Quintal,31.5,Metric Tonnes,13-06-2026
Maharashtra,Pune,Khed(Chakan) ,Vegetables,Tomato,Other,Local,"3,000.00","4,000.00","3,500.00",Rs./Quintal,27.2,Metric Tonnes,12-06-2026
Maharashtra,Pune,Khed(Chakan) ,Vegetables,Tomato,Other,Local,"3,000.00","4,000.00","3,500.00",Rs./Quintal,29.6,Metric Tonnes,11-06-2026
Maharashtra,Pune,Khed(Chakan) ,Vegetables,Tomato,Other,Local,"2,500.00","4,000.00","3,500.00",Rs./Quintal,24.2,Metric Tonnes,10-06-2026
Maharashtra,Pune,Khed(Chakan) ,Vegetables,Tomato,Other,Local,"2,000.00","3,000.00","2,500.00",Rs./Quintal,32.2,Metric Tonnes,09-06-2026
Maharashtra,Pune,Khed(Chakan) ,Vegetables,Tomato,Other,Local,"2,000.00","3,000.00","2,500.00",Rs./Quintal,32.6,Metric Tonnes,07-06-2026
Maharashtra,Pune,Khed(Chakan) ,Vegetables,Tomato,Other,Local,"1,500.00","2,500.00","2,000.00",Rs./Quintal,30.9,Metric Tonnes,06-06-2026
Maharashtra,Pune,Khed(Chakan) ,Vegetables,Tomato,Other,Local,"1,500.00","3,000.00","2,200.00",Rs./Quintal,26.5,Metric Tonnes,05-06-2026
Maharashtra,Pune,Khed(Chakan) ,Vegetables,Tomato,Other,Local,"2,000.00","3,000.00","2,500.00",Rs./Quintal,33.6,Metric Tonnes,04-06-2026
Maharashtra,Pune,Khed(Chakan) ,Vegetables,Tomato,Other,Local,"2,000.00","3,000.00","2,500.00",Rs./Quintal,29.3,Metric Tonnes,03-06-2026
Maharashtra,Pune,Khed(Chakan) ,Vegetables,Tomato,Other,Local,"2,000.00","3,000.00","2,500.00",Rs./Quintal,32.5,Metric Tonnes,02-06-2026
Maharashtra,Pune,Khed(Chakan) ,Vegetables,Tomato,Other,Local,"2,000.00","3,000.00","2,500.00",Rs./Quintal,30.6,Metric Tonnes,31-05-2026
Maharashtra,Pune,Khed(Chakan) ,Vegetables,Tomato,Other,Local,"2,000.00","2,500.00","2,200.00",Rs./Quintal,26.4,Metric Tonnes,29-05-2026
Maharashtra,Pune,Khed(Chakan) ,Vegetables,Tomato,Other,Local,"1,800.00","2,800.00","2,300.00",Rs./Quintal,28.6,Metric Tonnes,28-05-2026
Maharashtra,Pune,Khed(Chakan) ,Vegetables,Tomato,Other,Local,"1,800.00","2,800.00","2,300.00",Rs./Quintal,29.2,Metric Tonnes,27-05-2026
Maharashtra,Pune,Khed(Chakan) ,Vegetables,Tomato,Other,Local,"1,000.00","2,000.00","1,500.00",Rs./Quintal,30,Metric Tonnes,26-05-2026
Maharashtra,Pune,Khed(Chakan) ,Vegetables,Tomato,Other,Local,"1,500.00","2,500.00","2,000.00",Rs./Quintal,27.9,Metric Tonnes,24-05-2026
Maharashtra,Pune,Khed(Chakan) ,Vegetables,Tomato,Other,Local,"1,400.00","2,000.00","1,700.00",Rs./Quintal,30.6,Metric Tonnes,23-05-2026
Maharashtra,Pune,Khed(Chakan) ,Vegetables,Tomato,Other,Local,"1,000.00","2,200.00","1,700.00",Rs./Quintal,24.6,Metric Tonnes,22-05-2026
Maharashtra,Pune,Khed(Chakan) ,Vegetables,Tomato,Other,Local,"1,500.00","2,500.00","2,000.00",Rs./Quintal,29.8,Metric Tonnes,21-05-2026
Maharashtra,Pune,Khed(Chakan) ,Vegetables,Tomato,Other,Local,"1,500.00","2,500.00","2,000.00",Rs./Quintal,27.4,Metric Tonnes,16-05-2026
Maharashtra,Pune,Khed(Chakan) ,Vegetables,Tomato,Other,Local,"1,500.00","2,200.00","1,800.00",Rs./Quintal,22.5,Metric Tonnes,15-05-2026
Maharashtra,Pune,Khed(Chakan) ,Vegetables,Tomato,Other,Local,"1,500.00","2,200.00","1,800.00",Rs./Quintal,29.5,Metric Tonnes,14-05-2026
Maharashtra,Pune,Khed(Chakan) ,Vegetables,Tomato,Other,Local,"1,000.00","2,500.00","1,500.00",Rs./Quintal,26.4,Metric Tonnes,13-05-2026
Maharashtra,Pune,Khed(Chakan) ,Vegetables,Tomato,Other,Local,"1,500.00","2,500.00","2,000.00",Rs./Quintal,30.6,Metric Tonnes,12-05-2026
Maharashtra,Pune,Khed(Chakan) ,Vegetables,Tomato,Other,Local,"1,500.00","2,500.00","2,000.00",Rs./Quintal,29.3,Metric Tonnes,10-05-2026
Maharashtra,Pune,Khed(Chakan) ,Vegetables,Tomato,Other,Local,"1,500.00","2,000.00","1,800.00",Rs./Quintal,27,Metric Tonnes,09-05-2026
Maharashtra,Pune,Khed(Chakan) ,Vegetables,Tomato,Other,Local,"1,500.00","2,500.00","2,000.00",Rs./Quintal,24.6,Metric Tonnes,08-05-2026
Maharashtra,Pune,Khed(Chakan) ,Vegetables,Tomato,Other,Local,"1,500.00","2,200.00","1,800.00",Rs./Quintal,27.2,Metric Tonnes,07-05-2026
Maharashtra,Pune,Khed(Chakan) ,Vegetables,Tomato,Other,Local,"1,000.00","1,500.00","1,200.00",Rs./Quintal,26.4,Metric Tonnes,06-05-2026
Maharashtra,Pune,Khed(Chakan) ,Vegetables,Tomato,Other,Local,"1,500.00","2,500.00","2,000.00",Rs./Quintal,30.2,Metric Tonnes,05-05-2026
Maharashtra,Pune,Khed(Chakan) ,Vegetables,Tomato,Other,Local,"2,000.00","3,000.00","2,500.00",Rs./Quintal,31.6,Metric Tonnes,03-05-2026
Maharashtra,Pune,Pune(Khadiki) ,Vegetables,Tomato,Local,Local,"1,000.00","1,300.00","1,150.00",Rs./Quintal,1,Metric Tonnes,01-09-2026
Maharashtra,Pune,Pune(Khadiki) ,Vegetables,Tomato,Local,Local,800,"1,300.00","1,050.00",Rs./Quintal,1.1,Metric Tonnes,31-08-2026
Maharashtra,Pune,Pune(Khadiki) ,Vegetables,Tomato,Local,Local,800,"1,400.00","1,100.00",Rs./Quintal,1,Metric Tonnes,30-08-2026
Maharashtra,Pune,Pune(Khadiki) ,Vegetables,Tomato,Local,Local,800,"1,400.00","1,100.00",Rs./Quintal,1.3,Metric Tonnes,29-08-2026
Maharashtra,Pune,Pune(Khadiki) ,Vegetables,Tomato,Local,Local,700,"1,300.00","1,000.00",Rs./Quintal,1.4,Metric Tonnes,28-08-2026
Maharashtra,Pune,Pune(Khadiki) ,Vegetables,Tomato,Local,Local,800,"1,300.00","1,050.00",Rs./Quintal,1.5,Metric Tonnes,27-08-2026
Maharashtra,Pune,Pune(Khadiki) ,Vegetables,Tomato,Local,Local,800,"1,300.00","1,050.00",Rs./Quintal,1,Metric Tonnes,26-08-2026
Maharashtra,Pune,Pune(Khadiki) ,Vegetables,Tomato,Local,Local,800,"1,300.00","1,050.00",Rs./Quintal,0.9,Metric Tonnes,25-08-2026
Maharashtra,Pune,Pune(Khadiki) ,Vegetables,Tomato,Local,Local,700,"1,300.00","1,000.00",Rs./Quintal,1.4,Metric Tonnes,24-08-2026
Maharashtra,Pune,Pune(Khadiki) ,Vegetables,Tomato,Local,Local,900,"1,300.00","1,100.00",Rs./Quintal,0.8,Metric Tonnes,23-08-2026
Maharashtra,Pune,Pune(Khadiki) ,Vegetables,Tomato,Local,Local,800,"1,400.00","1,100.00",Rs./Quintal,1.3,Metric Tonnes,22-08-2026
Maharashtra,Pune,Pune(Khadiki) ,Vegetables,Tomato,Local,Local,900,"1,400.00","1,150.00",Rs./Quintal,0.7,Metric Tonnes,21-08-2026
Maharashtra,Pune,Pune(Khadiki) ,Vegetables,Tomato,Local,Local,700,"1,300.00","1,000.00",Rs./Quintal,1.3,Metric Tonnes,20-08-2026
Maharashtra,Pune,Pune(Khadiki) ,Vegetables,Tomato,Local,Local,800,"1,300.00","1,050.00",Rs./Quintal,1.1,Metric Tonnes,19-08-2026
Maharashtra,Pune,Pune(Khadiki) ,Vegetables,Tomato,Local,Local,800,"1,400.00","1,100.00",Rs./Quintal,1.2,Metric Tonnes,18-08-2026
Maharashtra,Pune,Pune(Khadiki) ,Vegetables,Tomato,Local,Local,600,"1,400.00","1,000.00",Rs./Quintal,1.4,Metric Tonnes,17-08-2026
Maharashtra,Pune,Pune(Khadiki) ,Vegetables,Tomato,Local,Local,900,"1,300.00","1,050.00",Rs./Quintal,1.4,Metric Tonnes,16-08-2026
Maharashtra,Pune,Pune(Khadiki) ,Vegetables,Tomato,Local,Local,800,"1,400.00","1,100.00",Rs./Quintal,1.3,Metric Tonnes,14-08-2026
Maharashtra,Pune,Pune(Khadiki) ,Vegetables,Tomato,Local,Local,800,"1,300.00","1,050.00",Rs./Quintal,0.9,Metric Tonnes,13-08-2026
Maharashtra,Pune,Pune(Khadiki) ,Vegetables,Tomato,Local,Local,800,"1,400.00","1,100.00",Rs./Quintal,1.5,Metric Tonnes,12-08-2026
Maharashtra,Pune,Pune(Khadiki) ,Vegetables,Tomato,Local,Local,800,"1,300.00","1,050.00",Rs./Quintal,1.5,Metric Tonnes,11-08-2026
Maharashtra,Pune,Pune(Khadiki) ,Vegetables,Tomato,Local,Local,900,"1,400.00","1,150.00",Rs./Quintal,1.1,Metric Tonnes,10-08-2026
Maharashtra,Pune,Pune(Khadiki) ,Vegetables,Tomato,Local,Local,800,"1,300.00","1,050.00",Rs./Quintal,1.5,Metric Tonnes,09-08-2026
Maharashtra,Pune,Pune(Khadiki) ,Vegetables,Tomato,Local,Local,700,"1,300.00","1,000.00",Rs./Quintal,1.3,Metric Tonnes,08-08-2026
Maharashtra,Pune,Pune(Khadiki) ,Vegetables,Tomato,Local,Local,700,"1,300.00","1,000.00",Rs./Quintal,0.8,Metric Tonnes,07-08-2026
Maharashtra,Pune,Pune(Khadiki) ,Vegetables,Tomato,Local,Local,800,"1,300.00","1,050.00",Rs./Quintal,1.4,Metric Tonnes,06-08-2026
Maharashtra,Pune,Pune(Khadiki) ,Vegetables,Tomato,Local,Local,900,"1,300.00","1,100.00",Rs./Quintal,1.4,Metric Tonnes,05-08-2026
Maharashtra,Pune,Pune(Khadiki) ,Vegetables,Tomato,Local,Local,800,"1,300.00","1,050.00",Rs./Quintal,1.2,Metric Tonnes,04-08-2026
Maharashtra,Pune,Pune(Khadiki) ,Vegetables,Tomato,Local,Local,700,"1,300.00","1,000.00",Rs./Quintal,1.1,Metric Tonnes,03-08-2026
Maharashtra,Pune,Pune(Khadiki) ,Vegetables,Tomato,Local,Local,900,"1,300.00","1,150.00",Rs./Quintal,1.3,Metric Tonnes,02-08-2026
Maharashtra,Pune,Pune(Khadiki) ,Vegetables,Tomato,Local,Local,800,"1,300.00","1,050.00",Rs./Quintal,1.5,Metric Tonnes,01-08-2026
Maharashtra,Pune,Pune(Khadiki) ,Vegetables,Tomato,Local,Local,700,"1,400.00","1,050.00",Rs./Quintal,1.4,Metric Tonnes,31-07-2026
Maharashtra,Pune,Pune(Khadiki) ,Vegetables,Tomato,Local,Local,800,"1,300.00","1,050.00",Rs./Quintal,1.3,Metric Tonnes,30-07-2026
Maharashtra,Pune,Pune(Khadiki) ,Vegetables,Tomato,Local,Local,"1,000.00","1,400.00","1,200.00",Rs./Quintal,1.5,Metric Tonnes,29-07-2026
Maharashtra,Pune,Pune(Khadiki) ,Vegetables,Tomato,Local,Local,700,"1,300.00","1,000.00",Rs./Quintal,1.5,Metric Tonnes,28-07-2026
Maharashtra,Pune,Pune(Khadiki) ,Vegetables,Tomato,Local,Local,800,"1,300.00","1,050.00",Rs./Quintal,1.6,Metric Tonnes,27-07-2026
Maharashtra,Pune,Pune(Khadiki) ,Vegetables,Tomato,Local,Local,700,"1,300.00","1,000.00",Rs./Quintal,1.1,Metric Tonnes,26-07-2026
Maharashtra,Pune,Pune(Khadiki) ,Vegetables,Tomato,Local,Local,800,"1,300.00","1,050.00",Rs./Quintal,1.5,Metric Tonnes,25-07-2026
Maharashtra,Pune,Pune(Khadiki) ,Vegetables,Tomato,Local,Local,"1,000.00","1,300.00","1,150.00",Rs./Quintal,1.1,Metric Tonnes,24-07-2026
Maharashtra,Pune,Pune(Khadiki) ,Vegetables,Tomato,Local,Local,700,"1,300.00","1,000.00",Rs./Quintal,1.2,Metric Tonnes,23-07-2026
Maharashtra,Pune,Pune(Khadiki) ,Vegetables,Tomato,Local,Local,700,"1,300.00","1,000.00",Rs./Quintal,1.4,Metric Tonnes,22-07-2026
Maharashtra,Pune,Pune(Khadiki) ,Vegetables,Tomato,Local,Local,900,"1,400.00","1,150.00",Rs./Quintal,1.6,Metric Tonnes,21-07-2026
Maharashtra,Pune,Pune(Khadiki) ,Vegetables,Tomato,Local,Local,800,"1,200.00","1,000.00",Rs./Quintal,1.7,Metric Tonnes,20-07-2026
Maharashtra,Pune,Pune(Khadiki) ,Vegetables,Tomato,Local,Local,700,"1,300.00","1,000.00",Rs./Quintal,1.2,Metric Tonnes,19-07-2026
Maharashtra,Pune,Pune(Khadiki) ,Vegetables,Tomato,Local,Local,700,"1,300.00","1,000.00",Rs./Quintal,1.4,Metric Tonnes,18-07-2026
Maharashtra,Pune,Pune(Khadiki) ,Vegetables,Tomato,Local,Local,900,"1,400.00","1,150.00",Rs./Quintal,1.2,Metric Tonnes,17-07-2026
Maharashtra,Pune,Pune(Khadiki) ,Vegetables,Tomato,Local,Local,800,"1,400.00","1,100.00",Rs./Quintal,1.3,Metric Tonnes,16-07-2026
Maharashtra,Pune,Pune(Khadiki) ,Vegetables,Tomato,Local,Local,900,"1,400.00","1,150.00",Rs./Quintal,1.1,Metric Tonnes,15-07-2026
Maharashtra,Pune,Pune(Khadiki) ,Vegetables,Tomato,Local,Local,700,"1,300.00","1,000.00",Rs./Quintal,1.3,Metric Tonnes,14-07-2026
Maharashtra,Pune,Pune(Khadiki) ,Vegetables,Tomato,Local,Local,700,"1,300.00","1,000.00",Rs./Quintal,1.7,Metric Tonnes,13-07-2026
Maharashtra,Pune,Pune(Khadiki) ,Vegetables,Tomato,Local,Local,800,"1,300.00","1,050.00",Rs./Quintal,1,Metric Tonnes,12-07-2026
Maharashtra,Pune,Pune(Khadiki) ,Vegetables,Tomato,Local,Local,700,"1,300.00","1,000.00",Rs./Quintal,0.6,Metric Tonnes,11-07-2026
Maharashtra,Pune,Pune(Khadiki) ,Vegetables,Tomato,Local,Local,800,"1,200.00","1,000.00",Rs./Quintal,0.9,Metric Tonnes,10-07-2026
Maharashtra,Pune,Pune(Khadiki) ,Vegetables,Tomato,Local,Local,800,"1,300.00","1,050.00",Rs./Quintal,0.5,Metric Tonnes,09-07-2026
Maharashtra,Pune,Pune(Khadiki) ,Vegetables,Tomato,Local,Local,800,"1,300.00","1,050.00",Rs./Quintal,1,Metric Tonnes,08-07-2026
Maharashtra,Pune,Pune(Khadiki) ,Vegetables,Tomato,Local,Local,700,"1,300.00","1,000.00",Rs./Quintal,0.9,Metric Tonnes,07-07-2026
Maharashtra,Pune,Pune(Khadiki) ,Vegetables,Tomato,Local,Local,700,"1,300.00","1,000.00",Rs./Quintal,1.5,Metric Tonnes,06-07-2026
Maharashtra,Pune,Pune(Khadiki) ,Vegetables,Tomato,Local,Local,700,"1,200.00",950,Rs./Quintal,1.6,Metric Tonnes,05-07-2026
Maharashtra,Pune,Pune(Khadiki) ,Vegetables,Tomato,Local,Local,600,"1,200.00",900,Rs./Quintal,1,Metric Tonnes,04-07-2026
Maharashtra,Pune,Pune(Khadiki) ,Vegetables,Tomato,Local,Local,700,"1,300.00","1,000.00",Rs./Quintal,1.7,Metric Tonnes,03-07-2026
Maharashtra,Pune,Pune(Khadiki) ,Vegetables,Tomato,Local,Local,700,"1,200.00",950,Rs./Quintal,1.3,Metric Tonnes,02-07-2026
Maharashtra,Pune,Pune(Khadiki) ,Vegetables,Tomato,Local,Local,900,"1,300.00","1,100.00",Rs./Quintal,1.3,Metric Tonnes,01-07-2026
Maharashtra,Pune,Pune(Khadiki) ,Vegetables,Tomato,Local,Local,700,"1,300.00","1,000.00",Rs./Quintal,1.7,Metric Tonnes,30-06-2026
Maharashtra,Pune,Pune(Khadiki) ,Vegetables,Tomato,Local,Local,700,"1,300.00","1,000.00",Rs./Quintal,1.1,Metric Tonnes,28-06-2026
Maharashtra,Pune,Pune(Khadiki) ,Vegetables,Tomato,Local,Local,800,"1,300.00","1,050.00",Rs./Quintal,1.1,Metric Tonnes,26-06-2026
Maharashtra,Pune,Pune(Khadiki) ,Vegetables,Tomato,Local,Local,700,"1,200.00",950,Rs./Quintal,1.1,Metric Tonnes,25-06-2026
Maharashtra,Pune,Pune(Khadiki) ,Vegetables,Tomato,Local,Local,700,"1,300.00","1,000.00",Rs./Quintal,1.4,Metric Tonnes,24-06-2026
Maharashtra,Pune,Pune(Khadiki) ,Vegetables,Tomato,Local,Local,700,"1,300.00","1,000.00",Rs./Quintal,1.4,Metric Tonnes,23-06-2026
Maharashtra,Pune,Pune(Khadiki) ,Vegetables,Tomato,Local,Local,700,"1,300.00","1,000.00",Rs./Quintal,1.7,Metric Tonnes,22-06-2026
Maharashtra,Pune,Pune(Khadiki) ,Vegetables,Tomato,Local,Local,800,"1,300.00","1,050.00",Rs./Quintal,1.3,Metric Tonnes,18-06-2026
Maharashtra,Pune,Pune(Khadiki) ,Vegetables,Tomato,Local,Local,800,"1,300.00","1,050.00",Rs./Quintal,1.7,Metric Tonnes,17-06-2026
Maharashtra,Pune,Pune(Khadiki) ,Vegetables,Tomato,Local,Local,900,"1,200.00","1,050.00",Rs./Quintal,1,Metric Tonnes,16-06-2026
Maharashtra,Pune,Pune(Khadiki) ,Vegetables,Tomato,Local,Local,800,"1,200.00","1,000.00",Rs./Quintal,1.8,Metric Tonnes,15-06-2026
Maharashtra,Pune,Pune(Khadiki) ,Vegetables,Tomato,Local,Local,800,"1,200.00","1,000.00",Rs./Quintal,1.1,Metric Tonnes,14-06-2026
Maharashtra,Pune,Pune(Khadiki) ,Vegetables,Tomato,Local,Local,700,"1,200.00",950,Rs./Quintal,1.3,Metric Tonnes,12-06-2026
Maharashtra,Pune,Pune(Khadiki) ,Vegetables,Tomato,Local,Local,900,"1,200.00","1,050.00",Rs./Quintal,1.1,Metric Tonnes,11-06-2026
Maharashtra,Pune,Pune(Khadiki) ,Vegetables,Tomato,Local,Local,700,"1,300.00","1,000.00",Rs./Quintal,1.6,Metric Tonnes,10-06-2026
Maharashtra,Pune,Pune(Khadiki) ,Vegetables,Tomato,Local,Local,700,"1,200.00",950,Rs./Quintal,1.8,Metric Tonnes,09-06-2026
Maharashtra,Pune,Pune(Khadiki) ,Vegetables,Tomato,Local,Local,700,"1,300.00","1,000.00",Rs./Quintal,0.9,Metric Tonnes,07-06-2026
Maharashtra,Pune,Pune(Khadiki) ,Vegetables,Tomato,Local,Local,700,"1,200.00",950,Rs./Quintal,1.3,Metric Tonnes,04-06-2026
Maharashtra,Pune,Pune(Khadiki) ,Vegetables,Tomato,Local,Local,700,"1,200.00",950,Rs./Quintal,1.6,Metric Tonnes,02-06-2026
Maharashtra,Pune,Pune(Khadiki) ,Vegetables,Tomato,Local,Local,800,"1,100.00",950,Rs./Quintal,1.5,Metric Tonnes,01-06-2026
Maharashtra,Pune,Pune(Khadiki) ,Vegetables,Tomato,Local,Local,700,"1,200.00",950,Rs./Quintal,1.5,Metric Tonnes,31-05-2026
Maharashtra,Pune,Pune(Khadiki) ,Vegetables,Tomato,Local,Local,800,"1,300.00","1,050.00",Rs./Quintal,0.9,Metric Tonnes,30-05-2026
Maharashtra,Pune,Pune(Khadiki) ,Vegetables,Tomato,Local,Local,700,"1,200.00",950,Rs./Quintal,1.3,Metric Tonnes,28-05-2026
Maharashtra,Pune,Pune(Khadiki) ,Vegetables,Tomato,Local,Local,700,"1,200.00",950,Rs./Quintal,1.3,Metric Tonnes,25-05-2026
Maharashtra,Pune,Pune(Khadiki) ,Vegetables,Tomato,Local,Local,700,"1,200.00",950,Rs./Quintal,1.3,Metric Tonnes,24-05-2026
Maharashtra,Pune,Pune(Khadiki) ,Vegetables,Tomato,Local,Local,700,"1,200.00",950,Rs./Quintal,1.3,Metric Tonnes,23-05-2026
Maharashtra,Pune,Pune(Khadiki) ,Vegetables,Tomato,Local,Local,700,"1,100.00",900,Rs./Quintal,1.7,Metric Tonnes,18-05-2026
Maharashtra,Pune,Pune(Khadiki) ,Vegetables,Tomato,Local,Local,700,"1,200.00",950,Rs./Quintal,1.1,Metric Tonnes,17-05-2026
Maharashtra,Pune,Pune(Khadiki) ,Vegetables,Tomato,Local,Local,700,"1,100.00",900,Rs./Quintal,1.6,Metric Tonnes,16-05-2026
Maharashtra,Pune,Pune(Khadiki) ,Vegetables,Tomato,Local,Local,800,"1,200.00","1,000.00",Rs./Quintal,1.6,Metric Tonnes,14-05-2026
Maharashtra,Pune,Pune(Khadiki) ,Vegetables,Tomato,Local,Local,700,"1,200.00",950,Rs./Quintal,1,Metric Tonnes,13-05-2026
Maharashtra,Pune,Pune(Khadiki) ,Vegetables,Tomato,Local,Local,700,"1,200.00",950,Rs./Quintal,1.2,Metric Tonnes,08-05-2026
Maharashtra,Pune,Pune(Khadiki) ,Vegetables,Tomato,Local,Local,800,"1,300.00","1,050.00",Rs./Quintal,1.6,Metric Tonnes,07-05-2026
Maharashtra,Pune,Pune(Khadiki) ,Vegetables,Tomato,Local,Local,700,"1,300.00","1,000.00",Rs./Quintal,1.1,Metric Tonnes,03-05-2026
Maharashtra,Pune,Pune(Manjri) ,Vegetables,Tomato,Other,Local,"1,000.00","2,000.00","1,500.00",Rs./Quintal,66.6,Metric Tonnes,01-09-2026
Maharashtra,Pune,Pune(Manjri) ,Vegetables,Tomato,Other,Local,500,"1,500.00","1,000.00",Rs./Quintal,65.9,Metric Tonnes,31-08-2026
Maharashtra,Pune,Pune(Manjri) ,Vegetables,Tomato,Other,Local,"1,000.00","2,000.00","1,500.00",Rs./Quintal,70,Metric Tonnes,30-08-2026
Maharashtra,Pune,Pune(Manjri) ,Vegetables,Tomato,Other,Local,"1,000.00","2,000.00","1,500.00",Rs./Quintal,47,Metric Tonnes,29-08-2026
Maharashtra,Pune,Pune(Manjri) ,Vegetables,Tomato,Other,Local,500,"1,500.00","1,000.00",Rs./Quintal,27,Metric Tonnes,28-08-2026
Maharashtra,Pune,Pune(Manjri) ,Vegetables,Tomato,Other,Local,500,"1,500.00","1,000.00",Rs./Quintal,53.6,Metric Tonnes,27-08-2026
Maharashtra,Pune,Pune(Manjri) ,Vegetables,Tomato,Other,Local,500,"1,200.00","1,000.00",Rs./Quintal,52.2,Metric Tonnes,26-08-2026
Maharashtra,Pune,Pune(Manjri) ,Vegetables,Tomato,Other,Local,500,"1,500.00","1,000.00",Rs./Quintal,45.7,Metric Tonnes,25-08-2026
Maharashtra,Pune,Pune(Manjri) ,Vegetables,Tomato,Other,Local,500,"1,500.00","1,000.00",Rs./Quintal,56.6,Metric Tonnes,24-08-2026
Maharashtra,Pune,Pune(Manjri) ,Vegetables,Tomato,Other,Local,500,"1,500.00","1,000.00",Rs./Quintal,56.9,Metric Tonnes,23-08-2026
Maharashtra,Pune,Pune(Manjri) ,Vegetables,Tomato,Other,Local,500,"1,500.00","1,000.00",Rs./Quintal,70,Metric Tonnes,22-08-2026
Maharashtra,Pune,Pune(Manjri) ,Vegetables,Tomato,Other,Local,500,"1,500.00","1,000.00",Rs./Quintal,61.2,Metric Tonnes,21-08-2026
Maharashtra,Pune,Pune(Manjri) ,Vegetables,Tomato,Other,Local,500,"1,500.00","1,000.00",Rs./Quintal,65.2,Metric Tonnes,20-08-2026
Maharashtra,Pune,Pune(Manjri) ,Vegetables,Tomato,Other,Local,"1,000.00","2,000.00","1,500.00",Rs./Quintal,64.6,Metric Tonnes,19-08-2026
Maharashtra,Pune,Pune(Manjri) ,Vegetables,Tomato,Other,Local,"1,000.00","2,000.00","1,500.00",Rs./Quintal,67.8,Metric Tonnes,18-08-2026
Maharashtra,Pune,Pune(Manjri) ,Vegetables,Tomato,Other,Local,"1,000.00","2,500.00","2,000.00",Rs./Quintal,54.8,Metric Tonnes,17-08-2026
Maharashtra,Pune,Pune(Manjri) ,Vegetables,Tomato,Other,Local,"1,000.00","3,000.00","2,000.00",Rs./Quintal,76.9,Metric Tonnes,16-08-2026
Maharashtra,Pune,Pune(Manjri) ,Vegetables,Tomato,Other,Local,500,"2,000.00","1,500.00",Rs./Quintal,72,Metric Tonnes,14-08-2026
Maharashtra,Pune,Pune(Manjri) ,Vegetables,Tomato,Other,Local,"1,000.00","2,000.00","1,500.00",Rs./Quintal,67.1,Metric Tonnes,13-08-2026
Maharashtra,Pune,Pune(Manjri) ,Vegetables,Tomato,Other,Local,"1,000.00","2,000.00","1,500.00",Rs./Quintal,39.9,Metric Tonnes,12-08-2026
Maharashtra,Pune,Pune(Manjri) ,Vegetables,Tomato,Other,Local,"1,000.00","2,500.00","1,500.00",Rs./Quintal,48,Metric Tonnes,11-08-2026
Maharashtra,Pune,Pune(Manjri) ,Vegetables,Tomato,Other,Local,500,"2,000.00","1,200.00",Rs./Quintal,67.9,Metric Tonnes,10-08-2026
Maharashtra,Pune,Pune(Manjri) ,Vegetables,Tomato,Other,Local,"1,000.00","2,000.00","1,500.00",Rs./Quintal,62.8,Metric Tonnes,09-08-2026
Maharashtra,Pune,Pune(Manjri) ,Vegetables,Tomato,Other,Local,800,"2,000.00","1,500.00",Rs./Quintal,65.6,Metric Tonnes,08-08-2026
Maharashtra,Pune,Pune(Manjri) ,Vegetables,Tomato,Other,Local,500,"2,000.00","1,200.00",Rs./Quintal,51.3,Metric Tonnes,07-08-2026
Maharashtra,Pune,Pune(Manjri) ,Vegetables,Tomato,Other,Local,500,"1,500.00","1,000.00",Rs./Quintal,59.6,Metric Tonnes,06-08-2026
Maharashtra,Pune,Pune(Manjri) ,Vegetables,Tomato,Other,Local,"1,000.00","2,500.00","1,500.00",Rs./Quintal,57.3,Metric Tonnes,05-08-2026
Maharashtra,Pune,Pune(Manjri) ,Vegetables,Tomato,Other,Local,"1,000.00","3,000.00","2,000.00",Rs./Quintal,56.6,Metric Tonnes,04-08-2026
Maharashtra,Pune,Pune(Manjri) ,Vegetables,Tomato,Other,Local,"1,500.00","3,000.00","2,000.00",Rs./Quintal,58.8,Metric Tonnes,03-08-2026
Maharashtra,Pune,Pune(Manjri) ,Vegetables,Tomato,Other,Local,"1,500.00","2,500.00","2,000.00",Rs./Quintal,66.3,Metric Tonnes,02-08-2026
Maharashtra,Pune,Pune(Manjri) ,Vegetables,Tomato,Other,Local,"1,500.00","2,500.00","2,000.00",Rs./Quintal,47.9,Metric Tonnes,01-08-2026
Maharashtra,Pune,Pune(Manjri) ,Vegetables,Tomato,Other,Local,750,"2,000.00","1,200.00",Rs./Quintal,38.7,Metric Tonnes,31-07-2026
Maharashtra,Pune,Pune(Manjri) ,Vegetables,Tomato,Other,Local,"1,000.00","2,000.00","1,800.00",Rs./Quintal,57.1,Metric Tonnes,30-07-2026
Maharashtra,Pune,Pune(Manjri) ,Vegetables,Tomato,Other,Local,"1,000.00","2,500.00","1,800.00",Rs./Quintal,55.1,Metric Tonnes,29-07-2026
Maharashtra,Pune,Pune(Manjri) ,Vegetables,Tomato,Other,Local,"1,000.00","2,000.00","1,500.00",Rs./Quintal,60.5,Metric Tonnes,28-07-2026
Maharashtra,Pune,Pune(Manjri) ,Vegetables,Tomato,Other,Local,"1,000.00","2,000.00","1,500.00",Rs./Quintal,57.5,Metric Tonnes,27-07-2026
Maharashtra,Pune,Pune(Manjri) ,Vegetables,Tomato,Other,Local,"1,000.00","3,000.00","2,000.00",Rs./Quintal,70,Metric Tonnes,26-07-2026
Maharashtra,Pune,Pune(Manjri) ,Vegetables,Tomato,Other,Local,"1,000.00","2,500.00","1,500.00",Rs./Quintal,48,Metric Tonnes,25-07-2026
Maharashtra,Pune,Pune(Manjri) ,Vegetables,Tomato,Other,Local,400,"2,000.00","1,500.00",Rs./Quintal,38.9,Metric Tonnes,24-07-2026
Maharashtra,Pune,Pune(Manjri) ,Vegetables,Tomato,Other,Local,"1,000.00","2,500.00","1,500.00",Rs./Quintal,50.8,Metric Tonnes,23-07-2026
Maharashtra,Pune,Pune(Manjri) ,Vegetables,Tomato,Other,Local,"1,000.00","2,000.00","1,500.00",Rs./Quintal,38.4,Metric Tonnes,22-07-2026
Maharashtra,Pune,Pune(Manjri) ,Vegetables,Tomato,Other,Local,"1,000.00","2,500.00","1,500.00",Rs./Quintal,54.7,Metric Tonnes,21-07-2026
Maharashtra,Pune,Pune(Manjri) ,Vegetables,Tomato,Other,Local,"1,500.00","3,000.00","2,000.00",Rs./Quintal,60,Metric Tonnes,20-07-2026
Maharashtra,Pune,Pune(Manjri) ,Vegetables,Tomato,Other,Local,"1,000.00","2,000.00","1,500.00",Rs./Quintal,59.7,Metric Tonnes,19-07-2026
Maharashtra,Pune,Pune(Manjri) ,Vegetables,Tomato,Other,Local,"1,500.00","3,000.00","2,500.00",Rs./Quintal,60.1,Metric Tonnes,18-07-2026
Maharashtra,Pune,Pune(Manjri) ,Vegetables,Tomato,Other,Local,"1,500.00","3,000.00","2,500.00",Rs./Quintal,51.7,Metric Tonnes,17-07-2026
Maharashtra,Pune,Pune(Manjri) ,Vegetables,Tomato,Other,Local,"1,500.00","2,500.00","2,000.00",Rs./Quintal,57.6,Metric Tonnes,16-07-2026
Maharashtra,Pune,Pune(Manjri) ,Vegetables,Tomato,Other,Local,"1,000.00","2,000.00","1,500.00",Rs./Quintal,58.3,Metric Tonnes,15-07-2026
Maharashtra,Pune,Pune(Manjri) ,Vegetables,Tomato,Other,Local,"1,000.00","2,000.00","1,500.00",Rs./Quintal,64.6,Metric Tonnes,14-07-2026
Maharashtra,Pune,Pune(Manjri) ,Vegetables,Tomato,Other,Local,"1,000.00","3,000.00","2,000.00",Rs./Quintal,72.6,Metric Tonnes,13-07-2026
Maharashtra,Pune,Pune(Manjri) ,Vegetables,Tomato,Other,Local,"1,500.00","3,000.00","2,000.00",Rs./Quintal,75.5,Metric Tonnes,12-07-2026
Maharashtra,Pune,Pune(Manjri) ,Vegetables,Tomato,Other,Local,"1,500.00","2,500.00","2,000.00",Rs./Quintal,24.8,Metric Tonnes,11-07-2026
Maharashtra,Pune,Pune(Manjri) ,Vegetables,Tomato,Other,Local,"1,500.00","4,000.00","3,000.00",Rs./Quintal,62.1,Metric Tonnes,10-07-2026
Maharashtra,Pune,Pune(Manjri) ,Vegetables,Tomato,Other,Local,"1,500.00","4,000.00","3,000.00",Rs./Quintal,54.8,Metric Tonnes,09-07-2026
Maharashtra,Pune,Pune(Manjri) ,Vegetables,Tomato,Other,Local,"1,500.00","5,000.00","3,500.00",Rs./Quintal,52.4,Metric Tonnes,08-07-2026
Maharashtra,Pune,Pune(Manjri) ,Vegetables,Tomato,Other,Local,"1,500.00","3,500.00","2,500.00",Rs./Quintal,55.8,Metric Tonnes,07-07-2026
Maharashtra,Pune,Pune(Manjri) ,Vegetables,Tomato,Other,Local,"2,000.00","4,000.00","3,000.00",Rs./Quintal,30.9,Metric Tonnes,06-07-2026
Maharashtra,Pune,Pune(Manjri) ,Vegetables,Tomato,Other,Local,"2,500.00","5,000.00","3,500.00",Rs./Quintal,45.7,Metric Tonnes,05-07-2026
Maharashtra,Pune,Pune(Manjri) ,Vegetables,Tomato,Other,Local,"1,500.00","2,500.00","2,000.00",Rs./Quintal,49,Metric Tonnes,04-07-2026
Maharashtra,Pune,Pune(Manjri) ,Vegetables,Tomato,Other,Local,"1,500.00","2,500.00","2,000.00",Rs./Quintal,53.3,Metric Tonnes,03-07-2026
Maharashtra,Pune,Pune(Manjri) ,Vegetables,Tomato,Other,Local,"1,500.00","2,500.00","2,000.00",Rs./Quintal,55.2,Metric Tonnes,02-07-2026
Maharashtra,Pune,Pune(Manjri) ,Vegetables,Tomato,Other,Local,"2,000.00","3,500.00","2,500.00",Rs./Quintal,57.7,Metric Tonnes,01-07-2026
Maharashtra,Pune,Pune(Manjri) ,Vegetables,Tomato,Other,Local,"2,000.00","4,000.00","3,000.00",Rs./Quintal,52,Metric Tonnes,30-06-2026
Maharashtra,Pune,Pune(Manjri) ,Vegetables,Tomato,Other,Local,"1,500.00","3,500.00","2,500.00",Rs./Quintal,38.1,Metric Tonnes,29-06-2026
Maharashtra,Pune,Pune(Manjri) ,Vegetables,Tomato,Other,Local,"1,000.00","2,500.00","1,500.00",Rs./Quintal,59,Metric Tonnes,28-06-2026
Maharashtra,Pune,Pune(Manjri) ,Vegetables,Tomato,Other,Local,500,"2,500.00","1,500.00",Rs./Quintal,59,Metric Tonnes,27-06-2026
Maharashtra,Pune,Pune(Manjri) ,Vegetables,Tomato,Other,Local,500,"2,500.00","1,500.00",Rs./Quintal,56.7,Metric Tonnes,26-06-2026
Maharashtra,Pune,Pune(Manjri) ,Vegetables,Tomato,Other,Local,"1,500.00","3,000.00","2,000.00",Rs./Quintal,55.5,Metric Tonnes,25-06-2026
Maharashtra,Pune,Pune(Manjri) ,Vegetables,Tomato,Other,Local,"1,500.00","3,000.00","2,000.00",Rs./Quintal,43.5,Metric Tonnes,24-06-2026
Maharashtra,Pune,Pune(Manjri) ,Vegetables,Tomato,Other,Local,"1,500.00","3,000.00","2,500.00",Rs./Quintal,55.9,Metric Tonnes,23-06-2026
Maharashtra,Pune,Pune(Manjri) ,Vegetables,Tomato,Other,Local,"1,500.00","3,500.00","2,500.00",Rs./Quintal,54.3,Metric Tonnes,22-06-2026
Maharashtra,Pune,Pune(Manjri) ,Vegetables,Tomato,Other,Local,"1,500.00","3,500.00","2,500.00",Rs./Quintal,62.3,Metric Tonnes,21-06-2026
Maharashtra,Pune,Pune(Manjri) ,Vegetables,Tomato,Other,Local,"2,500.00","4,000.00","3,000.00",Rs./Quintal,55.1,Metric Tonnes,20-06-2026
Maharashtra,Pune,Pune(Manjri) ,Vegetables,Tomato,Other,Local,"2,000.00","4,000.00","3,000.00",Rs./Quintal,46.6,Metric Tonnes,19-06-2026
Maharashtra,Pune,Pune(Manjri) ,Vegetables,Tomato,Other,Local,"2,000.00","4,000.00","3,000.00",Rs./Quintal,51.5,Metric Tonnes,18-06-2026
Maharashtra,Pune,Pune(Manjri) ,Vegetables,Tomato,Other,Local,"2,000.00","4,000.00","3,000.00",Rs./Quintal,59.7,Metric Tonnes,17-06-2026
Maharashtra,Pune,Pune(Manjri) ,Vegetables,Tomato,Other,Local,"2,500.00","5,000.00","3,500.00",Rs./Quintal,57.4,Metric Tonnes,16-06-2026
Maharashtra,Pune,Pune(Manjri) ,Vegetables,Tomato,Other,Local,"2,000.00","5,000.00","4,000.00",Rs./Quintal,43.3,Metric Tonnes,15-06-2026
Maharashtra,Pune,Pune(Manjri) ,Vegetables,Tomato,Other,Local,"1,500.00","4,000.00","2,500.00",Rs./Quintal,49.3,Metric Tonnes,14-06-2026
Maharashtra,Pune,Pune(Manjri) ,Vegetables,Tomato,Other,Local,"1,500.00","4,000.00","2,500.00",Rs./Quintal,49.3,Metric Tonnes,13-06-2026
Maharashtra,Pune,Pune(Manjri) ,Vegetables,Tomato,Other,Local,"1,500.00","4,000.00","2,500.00",Rs./Quintal,47.5,Metric Tonnes,12-06-2026
Maharashtra,Pune,Pune(Manjri) ,Vegetables,Tomato,Other,Local,"1,500.00","4,000.00","2,500.00",Rs./Quintal,51.7,Metric Tonnes,11-06-2026
Maharashtra,Pune,Pune(Manjri) ,Vegetables,Tomato,Other,Local,"2,500.00","6,000.00","4,000.00",Rs./Quintal,51.7,Metric Tonnes,10-06-2026
Maharashtra,Pune,Pune(Manjri) ,Vegetables,Tomato,Other,Local,"3,000.00","5,000.00","4,000.00",Rs./Quintal,46.7,Metric Tonnes,09-06-2026
Maharashtra,Pune,Pune(Manjri) ,Vegetables,Tomato,Other,Local,"1,500.00","4,000.00","2,500.00",Rs./Quintal,50.1,Metric Tonnes,08-06-2026
Maharashtra,Pune,Pune(Manjri) ,Vegetables,Tomato,Other,Local,"1,500.00","3,200.00","2,500.00",Rs./Quintal,50.1,Metric Tonnes,07-06-2026
Maharashtra,Pune,Pune(Manjri) ,Vegetables,Tomato,Other,Local,"1,500.00","3,000.00","2,500.00",Rs./Quintal,60.6,Metric Tonnes,06-06-2026
Maharashtra,Pune,Pune(Manjri) ,Vegetables,Tomato,Other,Local,"2,000.00","3,000.00","2,500.00",Rs./Quintal,48.4,Metric Tonnes,05-06-2026
Maharashtra,Pune,Pune(Manjri) ,Vegetables,Tomato,Other,Local,"1,500.00","3,000.00","2,500.00",Rs./Quintal,54.4,Metric Tonnes,04-06-2026
Maharashtra,Pune,Pune(Manjri) ,Vegetables,Tomato,Other,Local,"1,500.00","3,500.00","2,500.00",Rs./Quintal,56.5,Metric Tonnes,03-06-2026
Maharashtra,Pune,Pune(Manjri) ,Vegetables,Tomato,Other,Local,"1,500.00","3,500.00","2,500.00",Rs./Quintal,55.9,Metric Tonnes,02-06-2026
Maharashtra,Pune,Pune(Manjri) ,Vegetables,Tomato,Other,Local,"2,500.00","4,500.00","3,500.00",Rs./Quintal,49.4,Metric Tonnes,01-06-2026
Maharashtra,Pune,Pune(Manjri) ,Vegetables,Tomato,Other,Local,"2,500.00","4,500.00","3,500.00",Rs./Quintal,55.7,Metric Tonnes,31-05-2026
Maharashtra,Pune,Pune(Manjri) ,Vegetables,Tomato,Other,Local,"2,000.00","4,500.00","3,000.00",Rs./Quintal,55.7,Metric Tonnes,30-05-2026
Maharashtra,Pune,Pune(Manjri) ,Vegetables,Tomato,Other,Local,"2,000.00","4,000.00","3,000.00",Rs./Quintal,47.5,Metric Tonnes,29-05-2026
Maharashtra,Pune,Pune(Manjri) ,Vegetables,Tomato,Other,Local,"2,500.00","4,500.00","3,500.00",Rs./Quintal,44.6,Metric Tonnes,28-05-2026
Maharashtra,Pune,Pune(Manjri) ,Vegetables,Tomato,Other,Local,"2,500.00","5,000.00","3,500.00",Rs./Quintal,38.1,Metric Tonnes,27-05-2026
Maharashtra,Pune,Pune(Manjri) ,Vegetables,Tomato,Other,Local,"1,500.00","3,500.00","2,500.00",Rs./Quintal,60,Metric Tonnes,26-05-2026
Maharashtra,Pune,Pune(Manjri) ,Vegetables,Tomato,Other,Local,"2,000.00","4,000.00","3,000.00",Rs./Quintal,50.3,Metric Tonnes,25-05-2026
Maharashtra,Pune,Pune(Manjri) ,Vegetables,Tomato,Other,Local,"2,000.00","4,000.00","3,000.00",Rs./Quintal,49.4,Metric Tonnes,24-05-2026
Maharashtra,Pune,Pune(Manjri) ,Vegetables,Tomato,Other,Local,"1,500.00","3,500.00","2,500.00",Rs./Quintal,51.1,Metric Tonnes,23-05-2026
Maharashtra,Pune,Pune(Manjri) ,Vegetables,Tomato,Other,Local,"1,000.00","3,000.00","2,500.00",Rs./Quintal,53.2,Metric Tonnes,22-05-2026
Maharashtra,Pune,Pune(Manjri) ,Vegetables,Tomato,Other,Local,"1,500.00","3,500.00","2,500.00",Rs./Quintal,51.8,Metric Tonnes,21-05-2026
Maharashtra,Pune,Pune(Manjri) ,Vegetables,Tomato,Other,Local,"2,000.00","4,000.00","3,000.00",Rs./Quintal,51.4,Metric Tonnes,20-05-2026
Maharashtra,Pune,Pune(Manjri) ,Vegetables,Tomato,Other,Local,"2,500.00","4,200.00","3,500.00",Rs./Quintal,45.2,Metric Tonnes,19-05-2026
Maharashtra,Pune,Pune(Manjri) ,Vegetables,Tomato,Other,Local,"2,000.00","4,000.00","2,800.00",Rs./Quintal,53.1,Metric Tonnes,18-05-2026
Maharashtra,Pune,Pune(Manjri) ,Vegetables,Tomato,Other,Local,"1,500.00","4,000.00","2,500.00",Rs./Quintal,65.9,Metric Tonnes,16-05-2026
Maharashtra,Pune,Pune(Manjri) ,Vegetables,Tomato,Other,Local,"1,500.00","3,500.00","2,500.00",Rs./Quintal,49.5,Metric Tonnes,15-05-2026
Maharashtra,Pune,Pune(Manjri) ,Vegetables,Tomato,Other,Local,"2,500.00","5,000.00","3,500.00",Rs./Quintal,45.3,Metric Tonnes,14-05-2026
Maharashtra,Pune,Pune(Manjri) ,Vegetables,Tomato,Other,Local,"2,000.00","4,500.00","3,000.00",Rs./Quintal,43.9,Metric Tonnes,13-05-2026
Maharashtra,Pune,Pune(Manjri) ,Vegetables,Tomato,Other,Local,"1,500.00","3,500.00","2,000.00",Rs./Quintal,48.6,Metric Tonnes,12-05-2026
Maharashtra,Pune,Pune(Manjri) ,Vegetables,Tomato,Other,Local,"1,500.00","3,500.00","2,500.00",Rs./Quintal,52,Metric Tonnes,11-05-2026
Maharashtra,Pune,Pune(Manjri) ,Vegetables,Tomato,Other,Local,"1,700.00","3,500.00","2,500.00",Rs./Quintal,56,Metric Tonnes,10-05-2026
Maharashtra,Pune,Pune(Manjri) ,Vegetables,Tomato,Other,Local,"2,000.00","4,500.00","3,000.00",Rs./Quintal,59.7,Metric Tonnes,09-05-2026
Maharashtra,Pune,Pune(Manjri) ,Vegetables,Tomato,Other,Local,"2,000.00","3,500.00","2,500.00",Rs./Quintal,45.6,Metric Tonnes,08-05-2026
Maharashtra,Pune,Pune(Manjri) ,Vegetables,Tomato,Other,Local,"1,500.00","3,000.00","2,000.00",Rs./Quintal,44.6,Metric Tonnes,07-05-2026
Maharashtra,Pune,Pune(Manjri) ,Vegetables,Tomato,Other,Local,"1,000.00","3,000.00","2,000.00",Rs./Quintal,51,Metric Tonnes,06-05-2026
Maharashtra,Pune,Pune(Manjri) ,Vegetables,Tomato,Other,Local,"1,000.00","3,000.00","2,000.00",Rs./Quintal,47.7,Metric Tonnes,05-05-2026
Maharashtra,Pune,Pune(Manjri) ,Vegetables,Tomato,Other,Local,"1,500.00","2,500.00","2,000.00",Rs./Quintal,62.2,Metric Tonnes,04-05-2026
Maharashtra,Pune,Pune(Manjri) ,Vegetables,Tomato,Other,Local,"1,000.00","2,500.00","2,000.00",Rs./Quintal,65.4,Metric Tonnes,03-05-2026
Maharashtra,Pune,Pune(Manjri) ,Vegetables,Tomato,Other,Local,"2,000.00","3,500.00","3,000.00",Rs./Quintal,76.8,Metric Tonnes,02-05-2026
Maharashtra,Pune,Pune(Moshi) ,Vegetables,Tomato,Local,Local,"1,000.00","1,200.00","1,100.00",Rs./Quintal,58.6,Metric Tonnes,01-09-2026
Maharashtra,Pune,Pune(Moshi) ,Vegetables,Tomato,Local,Local,"1,000.00","2,000.00","1,500.00",Rs./Quintal,53.2,Metric Tonnes,31-08-2026
Maharashtra,Pune,Pune(Moshi) ,Vegetables,Tomato,Local,Local,900,"1,500.00","1,200.00",Rs./Quintal,57.7,Metric Tonnes,30-08-2026
Maharashtra,Pune,Pune(Moshi) ,Vegetables,Tomato,Local,Local,500,"1,500.00","1,000.00",Rs./Quintal,42.8,Metric Tonnes,29-08-2026
Maharashtra,Pune,Pune(Moshi) ,Vegetables,Tomato,Local,Local,800,"1,000.00",900,Rs./Quintal,48.6,Metric Tonnes,28-08-2026
Maharashtra,Pune,Pune(Moshi) ,Vegetables,Tomato,Local,Local,700,800,750,Rs./Quintal,90.6,Metric Tonnes,27-08-2026
Maharashtra,Pune,Pune(Moshi) ,Vegetables,Tomato,Local,Local,800,"1,000.00",900,Rs./Quintal,42.6,Metric Tonnes,25-08-2026
Maharashtra,Pune,Pune(Moshi) ,Vegetables,Tomato,Local,Local,800,"1,000.00",900,Rs./Quintal,62,Metric Tonnes,23-08-2026
Maharashtra,Pune,Pune(Moshi) ,Vegetables,Tomato,Local,Local,800,900,850,Rs./Quintal,67,Metric Tonnes,22-08-2026
Maharashtra,Pune,Pune(Moshi) ,Vegetables,Tomato,Local,Local,"1,000.00","1,000.00","1,000.00",Rs./Quintal,77.6,Metric Tonnes,21-08-2026
Maharashtra,Pune,Pune(Moshi) ,Vegetables,Tomato,Local,Local,"1,000.00","1,300.00","1,150.00",Rs./Quintal,123.4,Metric Tonnes,20-08-2026
Maharashtra,Pune,Pune(Moshi) ,Vegetables,Tomato,Local,Local,"1,000.00","1,500.00","1,250.00",Rs./Quintal,63.7,Metric Tonnes,18-08-2026
Maharashtra,Pune,Pune(Moshi) ,Vegetables,Tomato,Local,Local,"1,000.00","1,200.00","1,100.00",Rs./Quintal,58.1,Metric Tonnes,17-08-2026
Maharashtra,Pune,Pune(Moshi) ,Vegetables,Tomato,Local,Local,"1,000.00","1,000.00","1,000.00",Rs./Quintal,83.5,Metric Tonnes,16-08-2026
Maharashtra,Pune,Pune(Moshi) ,Vegetables,Tomato,Local,Local,800,"1,000.00",900,Rs./Quintal,38.5,Metric Tonnes,14-08-2026
Maharashtra,Pune,Pune(Moshi) ,Vegetables,Tomato,Local,Local,"1,000.00","1,500.00","1,250.00",Rs./Quintal,64.4,Metric Tonnes,13-08-2026
Maharashtra,Pune,Pune(Moshi) ,Vegetables,Tomato,Local,Local,800,"1,200.00","1,000.00",Rs./Quintal,74.8,Metric Tonnes,11-08-2026
Maharashtra,Pune,Pune(Moshi) ,Vegetables,Tomato,Local,Local,"1,000.00","1,500.00","1,250.00",Rs./Quintal,64.2,Metric Tonnes,10-08-2026
Maharashtra,Pune,Pune(Moshi) ,Vegetables,Tomato,Local,Local,"1,000.00","2,000.00","1,500.00",Rs./Quintal,66.1,Metric Tonnes,09-08-2026
Maharashtra,Pune,Pune(Moshi) ,Vegetables,Tomato,Local,Local,"1,000.00","2,000.00","1,500.00",Rs./Quintal,68,Metric Tonnes,08-08-2026
Maharashtra,Pune,Pune(Moshi) ,Vegetables,Tomato,Local,Local,"1,000.00","1,500.00","1,250.00",Rs./Quintal,61.2,Metric Tonnes,07-08-2026
Maharashtra,Pune,Pune(Moshi) ,Vegetables,Tomato,Local,Local,"1,000.00","1,500.00","1,250.00",Rs./Quintal,76.9,Metric Tonnes,06-08-2026
Maharashtra,Pune,Pune(Moshi) ,Vegetables,Tomato,Local,Local,"1,000.00","1,500.00","1,250.00",Rs./Quintal,66.1,Metric Tonnes,04-08-2026
Maharashtra,Pune,Pune(Moshi) ,Vegetables,Tomato,Local,Local,"1,000.00","1,200.00","1,100.00",Rs./Quintal,54.4,Metric Tonnes,03-08-2026
Maharashtra,Pune,Pune(Moshi) ,Vegetables,Tomato,Local,Local,"1,000.00","2,000.00","1,500.00",Rs./Quintal,54.5,Metric Tonnes,02-08-2026
Maharashtra,Pune,Pune(Moshi) ,Vegetables,Tomato,Local,Local,800,"1,500.00","1,150.00",Rs./Quintal,31.1,Metric Tonnes,01-08-2026
Maharashtra,Pune,Pune(Moshi) ,Vegetables,Tomato,Local,Local,500,"1,000.00",750,Rs./Quintal,42.7,Metric Tonnes,31-07-2026
Maharashtra,Pune,Pune(Moshi) ,Vegetables,Tomato,Local,Local,500,"2,000.00","1,250.00",Rs./Quintal,73.6,Metric Tonnes,30-07-2026
Maharashtra,Pune,Pune(Moshi) ,Vegetables,Tomato,Local,Local,"1,000.00","1,500.00","1,250.00",Rs./Quintal,51.7,Metric Tonnes,28-07-2026
Maharashtra,Pune,Pune(Moshi) ,Vegetables,Tomato,Local,Local,"1,000.00","2,000.00","1,500.00",Rs./Quintal,49.6,Metric Tonnes,27-07-2026
Maharashtra,Pune,Pune(Moshi) ,Vegetables,Tomato,Local,Local,"1,500.00","2,000.00","1,750.00",Rs./Quintal,62,Metric Tonnes,26-07-2026
Maharashtra,Pune,Pune(Moshi) ,Vegetables,Tomato,Local,Local,"1,000.00","1,500.00","1,250.00",Rs./Quintal,40.1,Metric Tonnes,25-07-2026
Maharashtra,Pune,Pune(Moshi) ,Vegetables,Tomato,Local,Local,"1,000.00","1,500.00","1,250.00",Rs./Quintal,48.5,Metric Tonnes,24-07-2026
Maharashtra,Pune,Pune(Moshi) ,Vegetables,Tomato,Local,Local,"1,000.00","1,500.00","1,250.00",Rs./Quintal,58.8,Metric Tonnes,23-07-2026
Maharashtra,Pune,Pune(Moshi) ,Vegetables,Tomato,Local,Local,"1,500.00","2,500.00","2,000.00",Rs./Quintal,58,Metric Tonnes,21-07-2026
Maharashtra,Pune,Pune(Moshi) ,Vegetables,Tomato,Local,Local,"1,000.00","2,000.00","1,500.00",Rs./Quintal,54.8,Metric Tonnes,20-07-2026
Maharashtra,Pune,Pune(Moshi) ,Vegetables,Tomato,Local,Local,"1,000.00","2,000.00","1,500.00",Rs./Quintal,57.4,Metric Tonnes,19-07-2026
Maharashtra,Pune,Pune(Moshi) ,Vegetables,Tomato,Local,Local,"1,000.00","3,000.00","2,000.00",Rs./Quintal,41.7,Metric Tonnes,18-07-2026
Maharashtra,Pune,Pune(Moshi) ,Vegetables,Tomato,Local,Local,"1,000.00","3,000.00","2,000.00",Rs./Quintal,40.3,Metric Tonnes,17-07-2026
Maharashtra,Pune,Pune(Moshi) ,Vegetables,Tomato,Local,Local,"2,000.00","3,000.00","2,500.00",Rs./Quintal,72.1,Metric Tonnes,16-07-2026
Maharashtra,Pune,Pune(Moshi) ,Vegetables,Tomato,Local,Local,"1,500.00","2,000.00","1,750.00",Rs./Quintal,55.7,Metric Tonnes,14-07-2026
Maharashtra,Pune,Pune(Moshi) ,Vegetables,Tomato,Local,Local,"1,500.00","2,000.00","1,750.00",Rs./Quintal,76,Metric Tonnes,13-07-2026
Maharashtra,Pune,Pune(Moshi) ,Vegetables,Tomato,Local,Local,"2,000.00","3,000.00","2,500.00",Rs./Quintal,80.4,Metric Tonnes,12-07-2026
Maharashtra,Pune,Pune(Moshi) ,Vegetables,Tomato,Local,Local,"2,000.00","3,000.00","2,500.00",Rs./Quintal,77.6,Metric Tonnes,11-07-2026
Maharashtra,Pune,Pune(Moshi) ,Vegetables,Tomato,Local,Local,"1,500.00","2,500.00","2,000.00",Rs./Quintal,73.9,Metric Tonnes,10-07-2026
Maharashtra,Pune,Pune(Moshi) ,Vegetables,Tomato,Local,Local,"2,000.00","3,000.00","2,500.00",Rs./Quintal,30.5,Metric Tonnes,07-07-2026
Maharashtra,Pune,Pune(Moshi) ,Vegetables,Tomato,Local,Local,"1,000.00","2,000.00","1,500.00",Rs./Quintal,54.8,Metric Tonnes,06-07-2026
Maharashtra,Pune,Pune(Moshi) ,Vegetables,Tomato,Local,Local,"1,000.00","2,000.00","1,500.00",Rs./Quintal,41.9,Metric Tonnes,05-07-2026
Maharashtra,Pune,Pune(Moshi) ,Vegetables,Tomato,Local,Local,"1,800.00","2,000.00","1,900.00",Rs./Quintal,32,Metric Tonnes,04-07-2026
Maharashtra,Pune,Pune(Moshi) ,Vegetables,Tomato,Local,Local,"1,500.00","2,000.00","1,750.00",Rs./Quintal,38.5,Metric Tonnes,03-07-2026
Maharashtra,Pune,Pune(Moshi) ,Vegetables,Tomato,Local,Local,"1,000.00","2,000.00","1,500.00",Rs./Quintal,64.8,Metric Tonnes,02-07-2026
Maharashtra,Pune,Pune(Moshi) ,Vegetables,Tomato,Local,Local,"1,000.00","2,000.00","1,500.00",Rs./Quintal,59.9,Metric Tonnes,30-06-2026
Maharashtra,Pune,Pune(Moshi) ,Vegetables,Tomato,Local,Local,"2,000.00","3,000.00","2,500.00",Rs./Quintal,41.9,Metric Tonnes,29-06-2026
Maharashtra,Pune,Pune(Moshi) ,Vegetables,Tomato,Local,Local,"2,000.00","3,000.00","2,500.00",Rs./Quintal,49.8,Metric Tonnes,28-06-2026
Maharashtra,Pune,Pune(Moshi) ,Vegetables,Tomato,Local,Local,"2,000.00","3,000.00","2,500.00",Rs./Quintal,71.2,Metric Tonnes,27-06-2026
Maharashtra,Pune,Pune(Moshi) ,Vegetables,Tomato,Local,Local,"2,500.00","3,000.00","2,750.00",Rs./Quintal,72.5,Metric Tonnes,26-06-2026
Maharashtra,Pune,Pune(Moshi) ,Vegetables,Tomato,Local,Local,"2,500.00","3,000.00","2,750.00",Rs./Quintal,57.5,Metric Tonnes,25-06-2026
Maharashtra,Pune,Pune(Moshi) ,Vegetables,Tomato,Local,Local,"2,000.00","2,000.00","2,000.00",Rs./Quintal,46.4,Metric Tonnes,23-06-2026
Maharashtra,Pune,Pune(Moshi) ,Vegetables,Tomato,Local,Local,"1,500.00","2,000.00","1,750.00",Rs./Quintal,48,Metric Tonnes,22-06-2026
Maharashtra,Pune,Pune(Moshi) ,Vegetables,Tomato,Local,Local,"2,000.00","3,000.00","2,500.00",Rs./Quintal,64.8,Metric Tonnes,21-06-2026
Maharashtra,Pune,Pune(Moshi) ,Vegetables,Tomato,Local,Local,"2,000.00","2,500.00","2,250.00",Rs./Quintal,59.3,Metric Tonnes,20-06-2026
Maharashtra,Pune,Pune(Moshi) ,Vegetables,Tomato,Local,Local,"2,000.00","3,500.00","2,750.00",Rs./Quintal,54.2,Metric Tonnes,19-06-2026
Maharashtra,Pune,Pune(Moshi) ,Vegetables,Tomato,Local,Local,"2,000.00","2,500.00","2,250.00",Rs./Quintal,55.6,Metric Tonnes,18-06-2026
Maharashtra,Pune,Pune(Moshi) ,Vegetables,Tomato,Local,Local,"2,000.00","3,000.00","2,500.00",Rs./Quintal,47.1,Metric Tonnes,16-06-2026
Maharashtra,Pune,Pune(Moshi) ,Vegetables,Tomato,Local,Local,"1,000.00","4,000.00","2,500.00",Rs./Quintal,51.2,Metric Tonnes,15-06-2026
Maharashtra,Pune,Pune(Moshi) ,Vegetables,Tomato,Local,Local,"2,000.00","3,000.00","2,500.00",Rs./Quintal,32.7,Metric Tonnes,14-06-2026
Maharashtra,Pune,Pune(Moshi) ,Vegetables,Tomato,Local,Local,"2,500.00","3,000.00","2,750.00",Rs./Quintal,48.7,Metric Tonnes,13-06-2026
Maharashtra,Pune,Pune(Moshi) ,Vegetables,Tomato,Local,Local,"3,000.00","4,500.00","3,750.00",Rs./Quintal,44.4,Metric Tonnes,12-06-2026
Maharashtra,Pune,Pune(Moshi) ,Vegetables,Tomato,Local,Local,"2,500.00","3,000.00","2,750.00",Rs./Quintal,56.5,Metric Tonnes,11-06-2026
Maharashtra,Pune,Pune(Moshi) ,Vegetables,Tomato,Local,Local,"2,500.00","3,000.00","2,750.00",Rs./Quintal,40.1,Metric Tonnes,09-06-2026
Maharashtra,Pune,Pune(Moshi) ,Vegetables,Tomato,Local,Local,"2,000.00","2,500.00","2,250.00",Rs./Quintal,50.7,Metric Tonnes,08-06-2026
Maharashtra,Pune,Pune(Moshi) ,Vegetables,Tomato,Local,Local,"2,000.00","2,500.00","2,250.00",Rs./Quintal,59.5,Metric Tonnes,07-06-2026
Maharashtra,Pune,Pune(Moshi) ,Vegetables,Tomato,Local,Local,"2,500.00","3,000.00","2,750.00",Rs./Quintal,56.3,Metric Tonnes,06-06-2026
Maharashtra,Pune,Pune(Moshi) ,Vegetables,Tomato,Local,Local,"2,500.00","3,000.00","2,750.00",Rs./Quintal,42.7,Metric Tonnes,05-06-2026
Maharashtra,Pune,Pune(Moshi) ,Vegetables,Tomato,Local,Local,"2,000.00","2,500.00","2,250.00",Rs./Quintal,69.3,Metric Tonnes,04-06-2026
Maharashtra,Pune,Pune(Moshi) ,Vegetables,Tomato,Local,Local,"2,000.00","3,000.00","2,500.00",Rs./Quintal,51.7,Metric Tonnes,02-06-2026
Maharashtra,Pune,Pune(Moshi) ,Vegetables,Tomato,Local,Local,"2,000.00","3,000.00","2,500.00",Rs./Quintal,44.9,Metric Tonnes,01-06-2026
Maharashtra,Pune,Pune(Moshi) ,Vegetables,Tomato,Local,Local,"2,000.00","3,000.00","2,500.00",Rs./Quintal,53.1,Metric Tonnes,31-05-2026
Maharashtra,Pune,Pune(Moshi) ,Vegetables,Tomato,Local,Local,"2,000.00","3,000.00","2,500.00",Rs./Quintal,56.4,Metric Tonnes,30-05-2026
Maharashtra,Pune,Pune(Moshi) ,Vegetables,Tomato,Local,Local,"2,000.00","3,000.00","2,500.00",Rs./Quintal,54.2,Metric Tonnes,29-05-2026
Maharashtra,Pune,Pune(Moshi) ,Vegetables,Tomato,Local,Local,"2,000.00","2,500.00","2,250.00",Rs./Quintal,57.7,Metric Tonnes,28-05-2026
Maharashtra,Pune,Pune(Moshi) ,Vegetables,Tomato,Local,Local,"2,000.00","3,000.00","2,500.00",Rs./Quintal,44,Metric Tonnes,26-05-2026
Maharashtra,Pune,Pune(Moshi) ,Vegetables,Tomato,Local,Local,"1,500.00","2,500.00","2,000.00",Rs./Quintal,62.9,Metric Tonnes,25-05-2026
Maharashtra,Pune,Pune(Moshi) ,Vegetables,Tomato,Local,Local,"2,000.00","3,000.00","2,500.00",Rs./Quintal,54.1,Metric Tonnes,24-05-2026
Maharashtra,Pune,Pune(Moshi) ,Vegetables,Tomato,Local,Local,"2,000.00","3,000.00","2,500.00",Rs./Quintal,40.1,Metric Tonnes,23-05-2026
Maharashtra,Pune,Pune(Moshi) ,Vegetables,Tomato,Local,Local,"1,000.00","2,500.00","1,750.00",Rs./Quintal,60.9,Metric Tonnes,22-05-2026
Maharashtra,Pune,Pune(Moshi) ,Vegetables,Tomato,Local,Local,"2,000.00","2,500.00","2,250.00",Rs./Quintal,74.4,Metric Tonnes,21-05-2026
Maharashtra,Pune,Pune(Moshi) ,Vegetables,Tomato,Local,Local,"2,000.00","3,000.00","2,500.00",Rs./Quintal,42.8,Metric Tonnes,19-05-2026
Maharashtra,Pune,Pune(Moshi) ,Vegetables,Tomato,Local,Local,"1,000.00","2,000.00","1,500.00",Rs./Quintal,57.6,Metric Tonnes,18-05-2026
Maharashtra,Pune,Pune(Moshi) ,Vegetables,Tomato,Local,Local,"2,000.00","3,000.00","2,500.00",Rs./Quintal,54.6,Metric Tonnes,17-05-2026
Maharashtra,Pune,Pune(Moshi) ,Vegetables,Tomato,Local,Local,"2,000.00","2,500.00","2,250.00",Rs./Quintal,59.5,Metric Tonnes,16-05-2026
Maharashtra,Pune,Pune(Moshi) ,Vegetables,Tomato,Local,Local,"1,500.00","2,000.00","1,750.00",Rs./Quintal,50.8,Metric Tonnes,12-05-2026
Maharashtra,Pune,Pune(Moshi) ,Vegetables,Tomato,Local,Local,"1,000.00","1,500.00","1,250.00",Rs./Quintal,38,Metric Tonnes,11-05-2026
Maharashtra,Pune,Pune(Moshi) ,Vegetables,Tomato,Local,Local,900,"1,500.00","1,200.00",Rs./Quintal,52.9,Metric Tonnes,10-05-2026
Maharashtra,Pune,Pune(Moshi) ,Vegetables,Tomato,Local,Local,"1,000.00","1,500.00","1,250.00",Rs./Quintal,46.2,Metric Tonnes,09-05-2026
Maharashtra,Pune,Pune(Moshi) ,Vegetables,Tomato,Local,Local,800,"1,000.00",900,Rs./Quintal,32.8,Metric Tonnes,08-05-2026
Maharashtra,Pune,Pune(Moshi) ,Vegetables,Tomato,Local,Local,"1,000.00","1,500.00","1,250.00",Rs./Quintal,48.9,Metric Tonnes,07-05-2026
Maharashtra,Pune,Pune(Moshi) ,Vegetables,Tomato,Local,Local,900,"1,000.00",950,Rs./Quintal,47,Metric Tonnes,05-05-2026
Maharashtra,Pune,Pune(Moshi) ,Vegetables,Tomato,Local,Local,"1,000.00","1,500.00","1,250.00",Rs./Quintal,52.6,Metric Tonnes,04-05-2026
Maharashtra,Pune,Pune(Moshi) ,Vegetables,Tomato,Local,Local,800,"1,000.00",900,Rs./Quintal,69.2,Metric Tonnes,03-05-2026
Maharashtra,Pune,Pune(Moshi) ,Vegetables,Tomato,Local,Local,800,"2,500.00","1,650.00",Rs./Quintal,85.1,Metric Tonnes,02-05-2026
Maharashtra,Pune,Pune(Pimpri) ,Vegetables,Tomato,Local,Local,"1,000.00","1,200.00","1,100.00",Rs./Quintal,0.3,Metric Tonnes,01-09-2026
Maharashtra,Pune,Pune(Pimpri) ,Vegetables,Tomato,Local,Local,"1,200.00","1,500.00","1,350.00",Rs./Quintal,0.3,Metric Tonnes,31-08-2026
Maharashtra,Pune,Pune(Pimpri) ,Vegetables,Tomato,Local,Local,"1,200.00","1,400.00","1,300.00",Rs./Quintal,1.3,Metric Tonnes,30-08-2026
Maharashtra,Pune,Pune(Pimpri) ,Vegetables,Tomato,Local,Local,"1,000.00","1,200.00","1,100.00",Rs./Quintal,1.1,Metric Tonnes,29-08-2026
Maharashtra,Pune,Pune(Pimpri) ,Vegetables,Tomato,Local,Local,"1,000.00","1,200.00","1,100.00",Rs./Quintal,0.3,Metric Tonnes,28-08-2026
Maharashtra,Pune,Pune(Pimpri) ,Vegetables,Tomato,Local,Local,"1,000.00","1,400.00","1,200.00",Rs./Quintal,0.3,Metric Tonnes,27-08-2026
Maharashtra,Pune,Pune(Pimpri) ,Vegetables,Tomato,Local,Local,"1,200.00","1,200.00","1,200.00",Rs./Quintal,0.4,Metric Tonnes,26-08-2026
Maharashtra,Pune,Pune(Pimpri) ,Vegetables,Tomato,Local,Local,"1,000.00","1,400.00","1,200.00",Rs./Quintal,0.5,Metric Tonnes,24-08-2026
Maharashtra,Pune,Pune(Pimpri) ,Vegetables,Tomato,Local,Local,"1,200.00","1,800.00","1,500.00",Rs./Quintal,1.8,Metric Tonnes,23-08-2026
Maharashtra,Pune,Pune(Pimpri) ,Vegetables,Tomato,Local,Local,"1,200.00","1,500.00","1,350.00",Rs./Quintal,0.6,Metric Tonnes,22-08-2026
Maharashtra,Pune,Pune(Pimpri) ,Vegetables,Tomato,Local,Local,"1,200.00","1,500.00","1,350.00",Rs./Quintal,0.4,Metric Tonnes,21-08-2026
Maharashtra,Pune,Pune(Pimpri) ,Vegetables,Tomato,Local,Local,"1,000.00","1,000.00","1,000.00",Rs./Quintal,0.3,Metric Tonnes,20-08-2026
Maharashtra,Pune,Pune(Pimpri) ,Vegetables,Tomato,Local,Local,"1,000.00","1,400.00","1,200.00",Rs./Quintal,0.3,Metric Tonnes,19-08-2026
Maharashtra,Pune,Pune(Pimpri) ,Vegetables,Tomato,Local,Local,"1,400.00","1,500.00","1,450.00",Rs./Quintal,0.3,Metric Tonnes,18-08-2026
Maharashtra,Pune,Pune(Pimpri) ,Vegetables,Tomato,Local,Local,"1,800.00","1,800.00","1,800.00",Rs./Quintal,0.2,Metric Tonnes,17-08-2026
Maharashtra,Pune,Pune(Pimpri) ,Vegetables,Tomato,Local,Local,"1,200.00","1,500.00","1,350.00",Rs./Quintal,1.3,Metric Tonnes,16-08-2026
Maharashtra,Pune,Pune(Pimpri) ,Vegetables,Tomato,Local,Local,"1,200.00","1,500.00","1,350.00",Rs./Quintal,1.2,Metric Tonnes,15-08-2026
Maharashtra,Pune,Pune(Pimpri) ,Vegetables,Tomato,Local,Local,"1,000.00","1,500.00","1,250.00",Rs./Quintal,0.7,Metric Tonnes,14-08-2026
Maharashtra,Pune,Pune(Pimpri) ,Vegetables,Tomato,Local,Local,"1,200.00","1,500.00","1,350.00",Rs./Quintal,0.4,Metric Tonnes,13-08-2026
Maharashtra,Pune,Pune(Pimpri) ,Vegetables,Tomato,Local,Local,"1,500.00","1,500.00","1,500.00",Rs./Quintal,0.4,Metric Tonnes,12-08-2026
Maharashtra,Pune,Pune(Pimpri) ,Vegetables,Tomato,Local,Local,"1,500.00","1,500.00","1,500.00",Rs./Quintal,0.2,Metric Tonnes,10-08-2026
Maharashtra,Pune,Pune(Pimpri) ,Vegetables,Tomato,Local,Local,"1,000.00","2,000.00","1,500.00",Rs./Quintal,0.7,Metric Tonnes,09-08-2026
Maharashtra,Pune,Pune(Pimpri) ,Vegetables,Tomato,Local,Local,"1,500.00","1,500.00","1,500.00",Rs./Quintal,0.7,Metric Tonnes,07-08-2026
Maharashtra,Pune,Pune(Pimpri) ,Vegetables,Tomato,Local,Local,"1,500.00","1,500.00","1,500.00",Rs./Quintal,0.4,Metric Tonnes,06-08-2026
Maharashtra,Pune,Pune(Pimpri) ,Vegetables,Tomato,Local,Local,"1,500.00","2,000.00","1,750.00",Rs./Quintal,1.1,Metric Tonnes,05-08-2026
Maharashtra,Pune,Pune(Pimpri) ,Vegetables,Tomato,Local,Local,"2,000.00","2,200.00","2,100.00",Rs./Quintal,0.9,Metric Tonnes,02-08-2026
Maharashtra,Pune,Pune(Pimpri) ,Vegetables,Tomato,Local,Local,"2,000.00","2,000.00","2,000.00",Rs./Quintal,0.3,Metric Tonnes,01-08-2026
Maharashtra,Pune,Pune(Pimpri) ,Vegetables,Tomato,Local,Local,"2,000.00","2,000.00","2,000.00",Rs./Quintal,0.5,Metric Tonnes,30-07-2026
Maharashtra,Pune,Pune(Pimpri) ,Vegetables,Tomato,Local,Local,"2,000.00","2,000.00","2,000.00",Rs./Quintal,0.5,Metric Tonnes,29-07-2026
Maharashtra,Pune,Pune(Pimpri) ,Vegetables,Tomato,Local,Local,"2,000.00","2,000.00","2,000.00",Rs./Quintal,0.3,Metric Tonnes,28-07-2026
Maharashtra,Pune,Pune(Pimpri) ,Vegetables,Tomato,Local,Local,"2,000.00","2,000.00","2,000.00",Rs./Quintal,1.1,Metric Tonnes,26-07-2026
Maharashtra,Pune,Pune(Pimpri) ,Vegetables,Tomato,Local,Local,"2,000.00","2,000.00","2,000.00",Rs./Quintal,0.2,Metric Tonnes,25-07-2026
Maharashtra,Pune,Pune(Pimpri) ,Vegetables,Tomato,Local,Local,"2,000.00","2,300.00","2,150.00",Rs./Quintal,0.3,Metric Tonnes,23-07-2026
Maharashtra,Pune,Pune(Pimpri) ,Vegetables,Tomato,Local,Local,"2,000.00","2,000.00","2,000.00",Rs./Quintal,0.7,Metric Tonnes,22-07-2026
Maharashtra,Pune,Pune(Pimpri) ,Vegetables,Tomato,Local,Local,"2,000.00","2,000.00","2,000.00",Rs./Quintal,0.2,Metric Tonnes,21-07-2026
Maharashtra,Pune,Pune(Pimpri) ,Vegetables,Tomato,Local,Local,"2,000.00","2,400.00","2,200.00",Rs./Quintal,0.3,Metric Tonnes,20-07-2026
Maharashtra,Pune,Pune(Pimpri) ,Vegetables,Tomato,Local,Local,"2,000.00","2,000.00","2,000.00",Rs./Quintal,1.1,Metric Tonnes,19-07-2026
Maharashtra,Pune,Pune(Pimpri) ,Vegetables,Tomato,Local,Local,"2,000.00","2,000.00","2,000.00",Rs./Quintal,0.5,Metric Tonnes,18-07-2026
Maharashtra,Pune,Pune(Pimpri) ,Vegetables,Tomato,Local,Local,"1,800.00","2,300.00","2,050.00",Rs./Quintal,0.2,Metric Tonnes,17-07-2026
Maharashtra,Pune,Pune(Pimpri) ,Vegetables,Tomato,Local,Local,"2,000.00","2,000.00","2,000.00",Rs./Quintal,0.2,Metric Tonnes,16-07-2026
Maharashtra,Pune,Pune(Pimpri) ,Vegetables,Tomato,Local,Local,"2,000.00","2,000.00","2,000.00",Rs./Quintal,0.6,Metric Tonnes,15-07-2026
Maharashtra,Pune,Pune(Pimpri) ,Vegetables,Tomato,Local,Local,"2,000.00","2,200.00","2,100.00",Rs./Quintal,1.1,Metric Tonnes,12-07-2026
Maharashtra,Pune,Pune(Pimpri) ,Vegetables,Tomato,Local,Local,"2,000.00","2,200.00","2,100.00",Rs./Quintal,0.1,Metric Tonnes,11-07-2026
Maharashtra,Pune,Pune(Pimpri) ,Vegetables,Tomato,Local,Local,"2,000.00","2,000.00","2,000.00",Rs./Quintal,0.3,Metric Tonnes,09-07-2026
Maharashtra,Pune,Pune(Pimpri) ,Vegetables,Tomato,Local,Local,"1,800.00","2,000.00","1,900.00",Rs./Quintal,0.2,Metric Tonnes,08-07-2026
Maharashtra,Pune,Pune(Pimpri) ,Vegetables,Tomato,Local,Local,"2,000.00","2,000.00","2,000.00",Rs./Quintal,0.9,Metric Tonnes,05-07-2026
Maharashtra,Pune,Pune(Pimpri) ,Vegetables,Tomato,Local,Local,"2,000.00","2,500.00","2,250.00",Rs./Quintal,0.2,Metric Tonnes,04-07-2026
Maharashtra,Pune,Pune(Pimpri) ,Vegetables,Tomato,Local,Local,"2,500.00","2,500.00","2,500.00",Rs./Quintal,0.1,Metric Tonnes,03-07-2026
Maharashtra,Pune,Pune(Pimpri) ,Vegetables,Tomato,Local,Local,"2,000.00","2,500.00","2,250.00",Rs./Quintal,0.4,Metric Tonnes,02-07-2026
Maharashtra,Pune,Pune(Pimpri) ,Vegetables,Tomato,Local,Local,"2,000.00","2,000.00","2,000.00",Rs./Quintal,0.3,Metric Tonnes,01-07-2026
Maharashtra,Pune,Pune(Pimpri) ,Vegetables,Tomato,Local,Local,"2,000.00","2,500.00","2,250.00",Rs./Quintal,0.1,Metric Tonnes,30-06-2026
Maharashtra,Pune,Pune(Pimpri) ,Vegetables,Tomato,Local,Local,"2,000.00","2,000.00","2,000.00",Rs./Quintal,0.9,Metric Tonnes,28-06-2026
Maharashtra,Pune,Pune(Pimpri) ,Vegetables,Tomato,Local,Local,"2,000.00","2,000.00","2,000.00",Rs./Quintal,0.4,Metric Tonnes,27-06-2026
Maharashtra,Pune,Pune(Pimpri) ,Vegetables,Tomato,Local,Local,"3,000.00","3,000.00","3,000.00",Rs./Quintal,0.4,Metric Tonnes,26-06-2026
Maharashtra,Pune,Pune(Pimpri) ,Vegetables,Tomato,Local,Local,"3,000.00","3,000.00","3,000.00",Rs./Quintal,0.2,Metric Tonnes,24-06-2026
Maharashtra,Pune,Pune(Pimpri) ,Vegetables,Tomato,Local,Local,"1,800.00","3,000.00","2,400.00",Rs./Quintal,0.2,Metric Tonnes,23-06-2026
Maharashtra,Pune,Pune(Pimpri) ,Vegetables,Tomato,Local,Local,"2,000.00","3,000.00","2,500.00",Rs./Quintal,0.2,Metric Tonnes,22-06-2026
Maharashtra,Pune,Pune(Pimpri) ,Vegetables,Tomato,Local,Local,"1,200.00","2,000.00","1,600.00",Rs./Quintal,0.5,Metric Tonnes,21-06-2026
Maharashtra,Pune,Pune(Pimpri) ,Vegetables,Tomato,Local,Local,"2,000.00","3,000.00","2,500.00",Rs./Quintal,0.6,Metric Tonnes,20-06-2026
Maharashtra,Pune,Pune(Pimpri) ,Vegetables,Tomato,Local,Local,"2,500.00","3,200.00","2,850.00",Rs./Quintal,0.2,Metric Tonnes,19-06-2026
Maharashtra,Pune,Pune(Pimpri) ,Vegetables,Tomato,Local,Local,"2,000.00","2,000.00","2,000.00",Rs./Quintal,0.3,Metric Tonnes,18-06-2026
Maharashtra,Pune,Pune(Pimpri) ,Vegetables,Tomato,Local,Local,"2,000.00","3,000.00","2,500.00",Rs./Quintal,0.7,Metric Tonnes,17-06-2026
Maharashtra,Pune,Pune(Pimpri) ,Vegetables,Tomato,Local,Local,"2,000.00","2,600.00","2,300.00",Rs./Quintal,0.2,Metric Tonnes,16-06-2026
Maharashtra,Pune,Pune(Pimpri) ,Vegetables,Tomato,Local,Local,"2,500.00","2,500.00","2,500.00",Rs./Quintal,0.3,Metric Tonnes,15-06-2026
Maharashtra,Pune,Pune(Pimpri) ,Vegetables,Tomato,Local,Local,"2,500.00","2,700.00","2,600.00",Rs./Quintal,0.6,Metric Tonnes,14-06-2026
Maharashtra,Pune,Pune(Pimpri) ,Vegetables,Tomato,Local,Local,"2,000.00","3,000.00","2,500.00",Rs./Quintal,0.9,Metric Tonnes,13-06-2026
Maharashtra,Pune,Pune(Pimpri) ,Vegetables,Tomato,Local,Local,"3,000.00","3,500.00","3,250.00",Rs./Quintal,0.6,Metric Tonnes,12-06-2026
Maharashtra,Pune,Pune(Pimpri) ,Vegetables,Tomato,Local,Local,"3,500.00","3,500.00","3,500.00",Rs./Quintal,0.6,Metric Tonnes,11-06-2026
Maharashtra,Pune,Pune(Pimpri) ,Vegetables,Tomato,Local,Local,"1,800.00","3,000.00","2,400.00",Rs./Quintal,1.1,Metric Tonnes,10-06-2026
Maharashtra,Pune,Pune(Pimpri) ,Vegetables,Tomato,Local,Local,"2,500.00","2,600.00","2,550.00",Rs./Quintal,0.4,Metric Tonnes,09-06-2026
Maharashtra,Pune,Pune(Pimpri) ,Vegetables,Tomato,Local,Local,"1,200.00","2,000.00","1,600.00",Rs./Quintal,0.8,Metric Tonnes,08-06-2026
Maharashtra,Pune,Pune(Pimpri) ,Vegetables,Tomato,Local,Local,"2,000.00","2,000.00","2,000.00",Rs./Quintal,0.6,Metric Tonnes,07-06-2026
Maharashtra,Pune,Pune(Pimpri) ,Vegetables,Tomato,Local,Local,"2,000.00","2,700.00","2,350.00",Rs./Quintal,0.7,Metric Tonnes,06-06-2026
Maharashtra,Pune,Pune(Pimpri) ,Vegetables,Tomato,Local,Local,"2,000.00","2,600.00","2,300.00",Rs./Quintal,0.3,Metric Tonnes,05-06-2026
Maharashtra,Pune,Pune(Pimpri) ,Vegetables,Tomato,Local,Local,"2,100.00","2,100.00","2,100.00",Rs./Quintal,0.1,Metric Tonnes,04-06-2026
Maharashtra,Pune,Pune(Pimpri) ,Vegetables,Tomato,Local,Local,"2,000.00","2,800.00","2,400.00",Rs./Quintal,0.8,Metric Tonnes,03-06-2026
Maharashtra,Pune,Pune(Pimpri) ,Vegetables,Tomato,Local,Local,"2,600.00","2,600.00","2,600.00",Rs./Quintal,0.3,Metric Tonnes,02-06-2026
Maharashtra,Pune,Pune(Pimpri) ,Vegetables,Tomato,Local,Local,"2,000.00","2,500.00","2,250.00",Rs./Quintal,0.7,Metric Tonnes,31-05-2026
Maharashtra,Pune,Pune(Pimpri) ,Vegetables,Tomato,Local,Local,"1,800.00","2,000.00","1,900.00",Rs./Quintal,0.7,Metric Tonnes,30-05-2026
Maharashtra,Pune,Pune(Pimpri) ,Vegetables,Tomato,Local,Local,"2,000.00","2,600.00","2,300.00",Rs./Quintal,0.1,Metric Tonnes,29-05-2026
Maharashtra,Pune,Pune(Pimpri) ,Vegetables,Tomato,Local,Local,"2,000.00","2,000.00","2,000.00",Rs./Quintal,0.4,Metric Tonnes,28-05-2026
Maharashtra,Pune,Pune(Pimpri) ,Vegetables,Tomato,Local,Local,"2,000.00","2,200.00","2,100.00",Rs./Quintal,0.7,Metric Tonnes,27-05-2026
Maharashtra,Pune,Pune(Pimpri) ,Vegetables,Tomato,Local,Local,"2,000.00","2,400.00","2,200.00",Rs./Quintal,0.3,Metric Tonnes,26-05-2026
Maharashtra,Pune,Pune(Pimpri) ,Vegetables,Tomato,Local,Local,"2,000.00","2,500.00","2,250.00",Rs./Quintal,1,Metric Tonnes,25-05-2026
Maharashtra,Pune,Pune(Pimpri) ,Vegetables,Tomato,Local,Local,"2,000.00","2,600.00","2,300.00",Rs./Quintal,1.8,Metric Tonnes,24-05-2026
Maharashtra,Pune,Pune(Pimpri) ,Vegetables,Tomato,Local,Local,"2,000.00","2,700.00","2,350.00",Rs./Quintal,0.8,Metric Tonnes,23-05-2026
Maharashtra,Pune,Pune(Pimpri) ,Vegetables,Tomato,Local,Local,"2,000.00","2,600.00","2,300.00",Rs./Quintal,0.7,Metric Tonnes,22-05-2026
Maharashtra,Pune,Pune(Pimpri) ,Vegetables,Tomato,Local,Local,"2,300.00","2,400.00","2,350.00",Rs./Quintal,0.6,Metric Tonnes,21-05-2026
Maharashtra,Pune,Pune(Pimpri) ,Vegetables,Tomato,Local,Local,"2,000.00","2,600.00","2,300.00",Rs./Quintal,0.7,Metric Tonnes,20-05-2026
Maharashtra,Pune,Pune(Pimpri) ,Vegetables,Tomato,Local,Local,"2,700.00","2,700.00","2,700.00",Rs./Quintal,0.2,Metric Tonnes,19-05-2026
Maharashtra,Pune,Pune(Pimpri) ,Vegetables,Tomato,Local,Local,"2,600.00","2,800.00","2,700.00",Rs./Quintal,0.5,Metric Tonnes,18-05-2026
Maharashtra,Pune,Pune(Pimpri) ,Vegetables,Tomato,Local,Local,"2,000.00","2,000.00","2,000.00",Rs./Quintal,1.2,Metric Tonnes,17-05-2026
Maharashtra,Pune,Pune(Pimpri) ,Vegetables,Tomato,Local,Local,"2,000.00","2,100.00","2,050.00",Rs./Quintal,0.4,Metric Tonnes,16-05-2026
Maharashtra,Pune,Pune(Pimpri) ,Vegetables,Tomato,Local,Local,"2,000.00","2,000.00","2,000.00",Rs./Quintal,0.1,Metric Tonnes,15-05-2026
Maharashtra,Pune,Pune(Pimpri) ,Vegetables,Tomato,Local,Local,"1,200.00","2,500.00","1,850.00",Rs./Quintal,0.3,Metric Tonnes,14-05-2026
Maharashtra,Pune,Pune(Pimpri) ,Vegetables,Tomato,Local,Local,"2,000.00","2,400.00","2,200.00",Rs./Quintal,0.5,Metric Tonnes,13-05-2026
Maharashtra,Pune,Pune(Pimpri) ,Vegetables,Tomato,Local,Local,"2,300.00","2,300.00","2,300.00",Rs./Quintal,0.1,Metric Tonnes,12-05-2026
Maharashtra,Pune,Pune(Pimpri) ,Vegetables,Tomato,Local,Local,"2,000.00","2,100.00","2,050.00",Rs./Quintal,0.4,Metric Tonnes,11-05-2026
Maharashtra,Pune,Pune(Pimpri) ,Vegetables,Tomato,Local,Local,"1,500.00","2,100.00","1,800.00",Rs./Quintal,2.4,Metric Tonnes,10-05-2026
Maharashtra,Pune,Pune(Pimpri) ,Vegetables,Tomato,Local,Local,"2,000.00","2,200.00","2,100.00",Rs./Quintal,0.5,Metric Tonnes,09-05-2026
Maharashtra,Pune,Pune(Pimpri) ,Vegetables,Tomato,Local,Local,"1,000.00","2,200.00","1,600.00",Rs./Quintal,0.6,Metric Tonnes,08-05-2026
Maharashtra,Pune,Pune(Pimpri) ,Vegetables,Tomato,Local,Local,"2,000.00","2,200.00","2,100.00",Rs./Quintal,0.7,Metric Tonnes,07-05-2026
Maharashtra,Pune,Pune(Pimpri) ,Vegetables,Tomato,Local,Local,"2,000.00","2,000.00","2,000.00",Rs./Quintal,1.1,Metric Tonnes,06-05-2026
Maharashtra,Pune,Pune(Pimpri) ,Vegetables,Tomato,Local,Local,"1,400.00","2,500.00","1,950.00",Rs./Quintal,1.2,Metric Tonnes,05-05-2026
Maharashtra,Pune,Pune(Pimpri) ,Vegetables,Tomato,Local,Local,"2,000.00","2,000.00","2,000.00",Rs./Quintal,0.3,Metric Tonnes,04-05-2026
Maharashtra,Pune,Pune(Pimpri) ,Vegetables,Tomato,Local,Local,"2,000.00","3,000.00","2,500.00",Rs./Quintal,0.9,Metric Tonnes,03-05-2026
Maharashtra,Pune,Pune(Pimpri) ,Vegetables,Tomato,Local,Local,"2,000.00","2,500.00","2,250.00",Rs./Quintal,1.1,Metric Tonnes,02-05-2026
Maharashtra,Pune,Pune(Pimpri) ,Vegetables,Tomato,Local,Local,"1,400.00","2,000.00","1,700.00",Rs./Quintal,0.8,Metric Tonnes,01-05-2026
Maharashtra,Pune,APMC Baramati ,Cereals,Wheat,Kalyan,FAQ,"2,585.00","2,800.00","2,700.00",Rs./Quintal,34.1,Metric Tonnes,10-09-2026
Maharashtra,Pune,APMC Baramati ,Cereals,Wheat,Kalyan,Non-FAQ,"2,100.00","2,580.00","2,500.00",Rs./Quintal,30,Metric Tonnes,10-09-2026
Maharashtra,Pune,APMC Baramati ,Cereals,Wheat,Maharashtra 2189,FAQ,"2,590.00","3,151.00","2,900.00",Rs./Quintal,42.7,Metric Tonnes,10-09-2026
Maharashtra,Pune,APMC Baramati ,Cereals,Wheat,Kalyan,FAQ,"2,585.00","2,700.00","2,650.00",Rs./Quintal,19.4,Metric Tonnes,07-09-2026
Maharashtra,Pune,APMC Baramati ,Cereals,Wheat,Kalyan,Non-FAQ,"2,100.00","2,580.00","2,500.00",Rs./Quintal,28,Metric Tonnes,07-09-2026
Maharashtra,Pune,APMC Baramati ,Cereals,Wheat,Maharashtra 2189,FAQ,"2,600.00","2,850.00","2,740.00",Rs./Quintal,24,Metric Tonnes,07-09-2026
Maharashtra,Pune,APMC Baramati ,Cereals,Wheat,Maharashtra 2189,Non-FAQ,"2,500.00","2,580.00","2,550.00",Rs./Quintal,7.5,Metric Tonnes,07-09-2026
Maharashtra,Pune,APMC Baramati ,Cereals,Wheat,Kalyan,FAQ,"2,590.00","2,796.00","2,730.00",Rs./Quintal,26.1,Metric Tonnes,03-09-2026
Maharashtra,Pune,APMC Baramati ,Cereals,Wheat,Kalyan,Non-FAQ,"2,350.00","2,580.00","2,540.00",Rs./Quintal,50,Metric Tonnes,03-09-2026
Maharashtra,Pune,APMC Baramati ,Cereals,Wheat,Maharashtra 2189,FAQ,"2,585.00","2,925.00","2,780.00",Rs./Quintal,34.7,Metric Tonnes,03-09-2026
Maharashtra,Pune,APMC Baramati ,Cereals,Wheat,Maharashtra 2189,Non-FAQ,"2,500.00","2,580.00","2,550.00",Rs./Quintal,16,Metric Tonnes,03-09-2026
Maharashtra,Pune,APMC Baramati ,Cereals,Wheat,Kalyan,FAQ,"2,590.00","2,741.00","2,730.00",Rs./Quintal,24.8,Metric Tonnes,31-08-2026
Maharashtra,Pune,APMC Baramati ,Cereals,Wheat,Kalyan,Non-FAQ,"2,300.00","2,580.00","2,550.00",Rs./Quintal,30,Metric Tonnes,31-08-2026
Maharashtra,Pune,APMC Baramati ,Cereals,Wheat,Maharashtra 2189,FAQ,"2,600.00","2,927.00","2,751.00",Rs./Quintal,36.5,Metric Tonnes,31-08-2026
Maharashtra,Pune,APMC Baramati ,Cereals,Wheat,Kalyan,FAQ,"2,590.00","2,690.00","2,600.00",Rs./Quintal,39.5,Metric Tonnes,27-08-2026
Maharashtra,Pune,APMC Baramati ,Cereals,Wheat,Kalyan,Non-FAQ,"2,211.00","2,580.00","2,500.00",Rs./Quintal,24,Metric Tonnes,27-08-2026
Maharashtra,Pune,APMC Baramati ,Cereals,Wheat,Maharashtra 2189,FAQ,"2,590.00","2,811.00","2,720.00",Rs./Quintal,42.3,Metric Tonnes,27-08-2026
Maharashtra,Pune,APMC Baramati ,Cereals,Wheat,Kalyan,FAQ,"2,585.00","2,670.00","2,600.00",Rs./Quintal,30.2,Metric Tonnes,24-08-2026
Maharashtra,Pune,APMC Baramati ,Cereals,Wheat,Kalyan,Non-FAQ,"2,200.00","2,580.00","2,490.00",Rs./Quintal,30,Metric Tonnes,24-08-2026
Maharashtra,Pune,APMC Baramati ,Cereals,Wheat,Maharashtra 2189,FAQ,"2,585.00","2,815.00","2,700.00",Rs./Quintal,30.1,Metric Tonnes,24-08-2026
Maharashtra,Pune,APMC Baramati ,Cereals,Wheat,Maharashtra 2189,Non-FAQ,"2,450.00","2,580.00","2,550.00",Rs./Quintal,10,Metric Tonnes,24-08-2026
Maharashtra,Pune,APMC Baramati ,Cereals,Wheat,Kalyan,FAQ,"2,585.00","2,750.00","2,675.00",Rs./Quintal,60,Metric Tonnes,20-08-2026
Maharashtra,Pune,APMC Baramati ,Cereals,Wheat,Kalyan,Non-FAQ,"2,500.00","2,580.00","2,500.00",Rs./Quintal,20.5,Metric Tonnes,20-08-2026
Maharashtra,Pune,APMC Baramati ,Cereals,Wheat,Maharashtra 2189,FAQ,"2,650.00","3,000.00","2,740.00",Rs./Quintal,53.7,Metric Tonnes,20-08-2026
Maharashtra,Pune,APMC Baramati ,Cereals,Wheat,Kalyan,FAQ,"2,590.00","2,670.00","2,625.00",Rs./Quintal,20,Metric Tonnes,17-08-2026
Maharashtra,Pune,APMC Baramati ,Cereals,Wheat,Kalyan,Non-FAQ,"2,100.00","2,580.00","2,550.00",Rs./Quintal,28.1,Metric Tonnes,17-08-2026
Maharashtra,Pune,APMC Baramati ,Cereals,Wheat,Maharashtra 2189,FAQ,"2,600.00","2,801.00","2,700.00",Rs./Quintal,20,Metric Tonnes,17-08-2026
Maharashtra,Pune,APMC Baramati ,Cereals,Wheat,Maharashtra 2189,Non-FAQ,"2,425.00","2,580.00","2,500.00",Rs./Quintal,12.1,Metric Tonnes,17-08-2026
Maharashtra,Pune,APMC Baramati ,Cereals,Wheat,Kalyan,FAQ,"2,590.00","2,670.00","2,600.00",Rs./Quintal,50,Metric Tonnes,13-08-2026
Maharashtra,Pune,APMC Baramati ,Cereals,Wheat,Kalyan,Non-FAQ,"2,317.00","2,580.00","2,500.00",Rs./Quintal,35.6,Metric Tonnes,13-08-2026
Maharashtra,Pune,APMC Baramati ,Cereals,Wheat,Maharashtra 2189,FAQ,"2,585.00","2,811.00","2,725.00",Rs./Quintal,24.1,Metric Tonnes,13-08-2026
Maharashtra,Pune,APMC Baramati ,Cereals,Wheat,Maharashtra 2189,Non-FAQ,"2,450.00","2,580.00","2,500.00",Rs./Quintal,33,Metric Tonnes,13-08-2026
Maharashtra,Pune,APMC Baramati ,Cereals,Wheat,Kalyan,FAQ,"2,585.00","2,670.00","2,640.00",Rs./Quintal,22,Metric Tonnes,10-08-2026
Maharashtra,Pune,APMC Baramati ,Cereals,Wheat,Kalyan,Non-FAQ,"2,011.00","2,580.00","2,500.00",Rs./Quintal,30,Metric Tonnes,10-08-2026
Maharashtra,Pune,APMC Baramati ,Cereals,Wheat,Maharashtra 2189,FAQ,"2,585.00","2,851.00","2,700.00",Rs./Quintal,24.6,Metric Tonnes,10-08-2026
Maharashtra,Pune,APMC Baramati ,Cereals,Wheat,Maharashtra 2189,Non-FAQ,"2,450.00","2,580.00","2,500.00",Rs./Quintal,10,Metric Tonnes,10-08-2026
Maharashtra,Pune,APMC Baramati ,Cereals,Wheat,Kalyan,FAQ,"2,590.00","2,700.00","2,686.00",Rs./Quintal,38.2,Metric Tonnes,03-08-2026
Maharashtra,Pune,APMC Baramati ,Cereals,Wheat,Kalyan,Non-FAQ,"2,300.00","2,580.00","2,500.00",Rs./Quintal,40,Metric Tonnes,03-08-2026
Maharashtra,Pune,APMC Baramati ,Cereals,Wheat,Maharashtra 2189,FAQ,"2,600.00","2,875.00","2,700.00",Rs./Quintal,52.2,Metric Tonnes,03-08-2026
Maharashtra,Pune,APMC Baramati ,Cereals,Wheat,Kalyan,FAQ,"2,585.00","2,650.00","2,600.00",Rs./Quintal,39.2,Metric Tonnes,30-07-2026
Maharashtra,Pune,APMC Baramati ,Cereals,Wheat,Kalyan,Non-FAQ,"2,400.00","2,580.00","2,500.00",Rs./Quintal,50,Metric Tonnes,30-07-2026
Maharashtra,Pune,APMC Baramati ,Cereals,Wheat,Maharashtra 2189,FAQ,"2,585.00","3,018.00","2,711.00",Rs./Quintal,39.5,Metric Tonnes,30-07-2026
Maharashtra,Pune,APMC Baramati ,Cereals,Wheat,Maharashtra 2189,Non-FAQ,"2,550.00","2,580.00","2,575.00",Rs./Quintal,20,Metric Tonnes,30-07-2026
Maharashtra,Pune,APMC Baramati ,Cereals,Wheat,Kalyan,FAQ,"2,590.00","2,740.00","2,696.00",Rs./Quintal,56.5,Metric Tonnes,27-07-2026
Maharashtra,Pune,APMC Baramati ,Cereals,Wheat,Kalyan,Non-FAQ,"2,500.00","2,580.00","2,550.00",Rs./Quintal,20,Metric Tonnes,27-07-2026
Maharashtra,Pune,APMC Baramati ,Cereals,Wheat,Maharashtra 2189,FAQ,"2,600.00","2,801.00","2,720.00",Rs./Quintal,50.2,Metric Tonnes,27-07-2026
Maharashtra,Pune,APMC Baramati ,Cereals,Wheat,Kalyan,FAQ,"2,585.00","2,750.00","2,670.00",Rs./Quintal,43.1,Metric Tonnes,23-07-2026
Maharashtra,Pune,APMC Baramati ,Cereals,Wheat,Kalyan,Non-FAQ,"2,000.00","2,580.00","2,500.00",Rs./Quintal,7.1,Metric Tonnes,23-07-2026
Maharashtra,Pune,APMC Baramati ,Cereals,Wheat,Maharashtra 2189,FAQ,"2,690.00","2,950.00","2,720.00",Rs./Quintal,33.5,Metric Tonnes,23-07-2026
Maharashtra,Pune,APMC Baramati ,Cereals,Wheat,Kalyan,FAQ,"2,590.00","2,680.00","2,650.00",Rs./Quintal,33,Metric Tonnes,20-07-2026
Maharashtra,Pune,APMC Baramati ,Cereals,Wheat,Kalyan,Non-FAQ,"1,900.00","2,580.00","2,500.00",Rs./Quintal,40,Metric Tonnes,20-07-2026
Maharashtra,Pune,APMC Baramati ,Cereals,Wheat,Maharashtra 2189,FAQ,"2,590.00","2,750.00","2,700.00",Rs./Quintal,18.6,Metric Tonnes,20-07-2026
Maharashtra,Pune,APMC Baramati ,Cereals,Wheat,Maharashtra 2189,Non-FAQ,"2,450.00","2,580.00","2,550.00",Rs./Quintal,30,Metric Tonnes,20-07-2026
Maharashtra,Pune,APMC Baramati ,Cereals,Wheat,Kalyan,FAQ,"2,590.00","2,625.00","2,600.00",Rs./Quintal,18.3,Metric Tonnes,13-07-2026
Maharashtra,Pune,APMC Baramati ,Cereals,Wheat,Kalyan,Non-FAQ,"2,100.00","2,580.00","2,500.00",Rs./Quintal,70,Metric Tonnes,13-07-2026
Maharashtra,Pune,APMC Baramati ,Cereals,Wheat,Maharashtra 2189,FAQ,"2,590.00","2,800.00","2,700.00",Rs./Quintal,40,Metric Tonnes,13-07-2026
Maharashtra,Pune,APMC Baramati ,Cereals,Wheat,Maharashtra 2189,Non-FAQ,"2,300.00","2,580.00","2,500.00",Rs./Quintal,18.9,Metric Tonnes,13-07-2026
Maharashtra,Pune,APMC Baramati ,Cereals,Wheat,Kalyan,FAQ,"2,590.00","2,680.00","2,651.00",Rs./Quintal,33.7,Metric Tonnes,09-07-2026
Maharashtra,Pune,APMC Baramati ,Cereals,Wheat,Kalyan,Non-FAQ,"2,200.00","2,580.00","2,500.00",Rs./Quintal,30,Metric Tonnes,09-07-2026
Maharashtra,Pune,APMC Baramati ,Cereals,Wheat,Maharashtra 2189,FAQ,"2,585.00","2,800.00","2,700.00",Rs./Quintal,42.4,Metric Tonnes,09-07-2026
Maharashtra,Pune,APMC Baramati ,Cereals,Wheat,Kalyan,FAQ,"2,590.00","2,690.00","2,650.00",Rs./Quintal,7.8,Metric Tonnes,06-07-2026
Maharashtra,Pune,APMC Baramati ,Cereals,Wheat,Kalyan,Non-FAQ,"2,000.00","2,580.00","2,400.00",Rs./Quintal,20,Metric Tonnes,06-07-2026
Maharashtra,Pune,APMC Baramati ,Cereals,Wheat,Maharashtra 2189,FAQ,"2,590.00","2,800.00","2,700.00",Rs./Quintal,10,Metric Tonnes,06-07-2026
Maharashtra,Pune,APMC Baramati ,Cereals,Wheat,Maharashtra 2189,Non-FAQ,"2,301.00","2,580.00","2,500.00",Rs./Quintal,8.5,Metric Tonnes,06-07-2026
Maharashtra,Pune,APMC Baramati ,Cereals,Wheat,Kalyan,FAQ,"2,585.00","2,650.00","2,600.00",Rs./Quintal,14.8,Metric Tonnes,02-07-2026
Maharashtra,Pune,APMC Baramati ,Cereals,Wheat,Kalyan,Non-FAQ,"2,000.00","2,580.00","2,500.00",Rs./Quintal,50,Metric Tonnes,02-07-2026
Maharashtra,Pune,APMC Baramati ,Cereals,Wheat,Maharashtra 2189,FAQ,"2,590.00","2,900.00","2,700.00",Rs./Quintal,40,Metric Tonnes,02-07-2026
Maharashtra,Pune,APMC Baramati ,Cereals,Wheat,Maharashtra 2189,Non-FAQ,"2,400.00","2,580.00","2,500.00",Rs./Quintal,3.2,Metric Tonnes,02-07-2026
Maharashtra,Pune,APMC Baramati ,Cereals,Wheat,Kalyan,Non-FAQ,"1,800.00","2,580.00","2,550.00",Rs./Quintal,48.3,Metric Tonnes,29-06-2026
Maharashtra,Pune,APMC Baramati ,Cereals,Wheat,Maharashtra 2189,FAQ,"2,590.00","3,180.00","2,600.00",Rs./Quintal,12.2,Metric Tonnes,29-06-2026
Maharashtra,Pune,APMC Baramati ,Cereals,Wheat,Maharashtra 2189,Non-FAQ,"2,400.00","2,580.00","2,550.00",Rs./Quintal,20,Metric Tonnes,29-06-2026
Maharashtra,Pune,APMC Baramati ,Cereals,Wheat,Kalyan,Non-FAQ,"2,300.00","2,580.00","2,525.00",Rs./Quintal,49.2,Metric Tonnes,25-06-2026
Maharashtra,Pune,APMC Baramati ,Cereals,Wheat,Maharashtra 2189,FAQ,"2,590.00","2,775.00","2,625.00",Rs./Quintal,7.8,Metric Tonnes,25-06-2026
Maharashtra,Pune,APMC Baramati ,Cereals,Wheat,Maharashtra 2189,Non-FAQ,"2,450.00","2,580.00","2,550.00",Rs./Quintal,25,Metric Tonnes,25-06-2026
Maharashtra,Pune,APMC Baramati ,Cereals,Wheat,Kalyan,Non-FAQ,"1,911.00","2,480.00","2,400.00",Rs./Quintal,33.7,Metric Tonnes,22-06-2026
Maharashtra,Pune,APMC Baramati ,Cereals,Wheat,Maharashtra 2189,FAQ,"2,590.00","2,703.00","2,625.00",Rs./Quintal,4.4,Metric Tonnes,22-06-2026
Maharashtra,Pune,APMC Baramati ,Cereals,Wheat,Maharashtra 2189,Non-FAQ,"2,300.00","2,580.00","2,551.00",Rs./Quintal,18,Metric Tonnes,22-06-2026
Maharashtra,Pune,APMC Baramati ,Cereals,Wheat,Kalyan,Non-FAQ,"2,000.00","2,400.00","2,370.00",Rs./Quintal,49.3,Metric Tonnes,18-06-2026
Maharashtra,Pune,APMC Baramati ,Cereals,Wheat,Maharashtra 2189,FAQ,"2,590.00","2,721.00","2,600.00",Rs./Quintal,12.8,Metric Tonnes,18-06-2026
Maharashtra,Pune,APMC Baramati ,Cereals,Wheat,Maharashtra 2189,Non-FAQ,"2,350.00","2,580.00","2,425.00",Rs./Quintal,20,Metric Tonnes,18-06-2026
Maharashtra,Pune,APMC Baramati ,Cereals,Wheat,Kalyan,Non-FAQ,"2,000.00","2,400.00","2,390.00",Rs./Quintal,55.2,Metric Tonnes,15-06-2026
Maharashtra,Pune,APMC Baramati ,Cereals,Wheat,Maharashtra 2189,FAQ,"2,590.00","2,611.00","2,600.00",Rs./Quintal,4.4,Metric Tonnes,15-06-2026
Maharashtra,Pune,APMC Baramati ,Cereals,Wheat,Maharashtra 2189,Non-FAQ,"2,310.00","2,580.00","2,420.00",Rs./Quintal,32.4,Metric Tonnes,15-06-2026
Maharashtra,Pune,APMC Baramati ,Cereals,Wheat,Kalyan,Non-FAQ,"1,800.00","2,381.00","2,350.00",Rs./Quintal,63.8,Metric Tonnes,11-06-2026
Maharashtra,Pune,APMC Baramati ,Cereals,Wheat,Maharashtra 2189,FAQ,"2,590.00","2,811.00","2,650.00",Rs./Quintal,10,Metric Tonnes,11-06-2026
Maharashtra,Pune,APMC Baramati ,Cereals,Wheat,Maharashtra 2189,Non-FAQ,"2,301.00","2,580.00","2,401.00",Rs./Quintal,32.4,Metric Tonnes,11-06-2026
Maharashtra,Pune,APMC Baramati ,Cereals,Wheat,Kalyan,Non-FAQ,"1,800.00","2,350.00","2,300.00",Rs./Quintal,34.2,Metric Tonnes,08-06-2026
Maharashtra,Pune,APMC Baramati ,Cereals,Wheat,Maharashtra 2189,FAQ,"2,590.00","2,600.00","2,600.00",Rs./Quintal,3.4,Metric Tonnes,08-06-2026
Maharashtra,Pune,APMC Baramati ,Cereals,Wheat,Maharashtra 2189,Non-FAQ,"2,301.00","2,580.00","2,400.00",Rs./Quintal,19.4,Metric Tonnes,08-06-2026
Maharashtra,Pune,APMC Baramati ,Cereals,Wheat,Kalyan,Non-FAQ,"1,800.00","2,400.00","2,350.00",Rs./Quintal,71.9,Metric Tonnes,04-06-2026
Maharashtra,Pune,APMC Baramati ,Cereals,Wheat,Maharashtra 2189,FAQ,"2,590.00","2,736.00","2,700.00",Rs./Quintal,10,Metric Tonnes,04-06-2026
Maharashtra,Pune,APMC Baramati ,Cereals,Wheat,Maharashtra 2189,Non-FAQ,"2,300.00","2,580.00","2,500.00",Rs./Quintal,38,Metric Tonnes,04-06-2026
Maharashtra,Pune,APMC Baramati ,Cereals,Wheat,Kalyan,Non-FAQ,"1,900.00","2,400.00","2,350.00",Rs./Quintal,100.8,Metric Tonnes,01-06-2026
Maharashtra,Pune,APMC Baramati ,Cereals,Wheat,Maharashtra 2189,FAQ,"2,600.00","2,900.00","2,700.00",Rs./Quintal,10,Metric Tonnes,01-06-2026
Maharashtra,Pune,APMC Baramati ,Cereals,Wheat,Maharashtra 2189,Non-FAQ,"2,325.00","2,580.00","2,550.00",Rs./Quintal,57.2,Metric Tonnes,01-06-2026
Maharashtra,Pune,APMC Baramati ,Cereals,Wheat,Kalyan,Non-FAQ,"1,900.00","2,400.00","2,350.00",Rs./Quintal,83.5,Metric Tonnes,28-05-2026
Maharashtra,Pune,APMC Baramati ,Cereals,Wheat,Maharashtra 2189,FAQ,"2,590.00","2,800.00","2,750.00",Rs./Quintal,10,Metric Tonnes,28-05-2026
Maharashtra,Pune,APMC Baramati ,Cereals,Wheat,Maharashtra 2189,Non-FAQ,"2,300.00","2,575.00","2,451.00",Rs./Quintal,45.6,Metric Tonnes,28-05-2026
Maharashtra,Pune,APMC Baramati ,Cereals,Wheat,Kalyan,Non-FAQ,"1,900.00","2,475.00","2,451.00",Rs./Quintal,70.2,Metric Tonnes,25-05-2026
Maharashtra,Pune,APMC Baramati ,Cereals,Wheat,Maharashtra 2189,FAQ,"2,590.00","3,000.00","2,700.00",Rs./Quintal,14.4,Metric Tonnes,25-05-2026
Maharashtra,Pune,APMC Baramati ,Cereals,Wheat,Maharashtra 2189,Non-FAQ,"2,351.00","2,580.00","2,500.00",Rs./Quintal,32.4,Metric Tonnes,25-05-2026
Maharashtra,Pune,APMC Baramati ,Cereals,Wheat,Kalyan,Non-FAQ,"1,900.00","2,450.00","2,425.00",Rs./Quintal,96.5,Metric Tonnes,21-05-2026
Maharashtra,Pune,APMC Baramati ,Cereals,Wheat,Maharashtra 2189,FAQ,"2,590.00","2,751.00","2,650.00",Rs./Quintal,14.2,Metric Tonnes,21-05-2026
Maharashtra,Pune,APMC Baramati ,Cereals,Wheat,Maharashtra 2189,Non-FAQ,"2,420.00","2,580.00","2,500.00",Rs./Quintal,50.1,Metric Tonnes,21-05-2026
Maharashtra,Pune,APMC Baramati ,Cereals,Wheat,Kalyan,Non-FAQ,"2,000.00","2,450.00","2,421.00",Rs./Quintal,93.6,Metric Tonnes,18-05-2026
Maharashtra,Pune,APMC Baramati ,Cereals,Wheat,Maharashtra 2189,FAQ,"2,590.00","2,785.00","2,700.00",Rs./Quintal,12.4,Metric Tonnes,18-05-2026
Maharashtra,Pune,APMC Baramati ,Cereals,Wheat,Maharashtra 2189,Non-FAQ,"2,400.00","2,570.00","2,550.00",Rs./Quintal,50,Metric Tonnes,18-05-2026
Maharashtra,Pune,APMC Baramati ,Cereals,Wheat,Kalyan,Non-FAQ,"2,000.00","2,440.00","2,421.00",Rs./Quintal,74.1,Metric Tonnes,14-05-2026
Maharashtra,Pune,APMC Baramati ,Cereals,Wheat,Maharashtra 2189,FAQ,"2,590.00","2,751.00","2,700.00",Rs./Quintal,17,Metric Tonnes,14-05-2026
Maharashtra,Pune,APMC Baramati ,Cereals,Wheat,Maharashtra 2189,Non-FAQ,"2,300.00","2,550.00","2,500.00",Rs./Quintal,32.3,Metric Tonnes,14-05-2026
Maharashtra,Pune,APMC Baramati ,Cereals,Wheat,Kalyan,Non-FAQ,"2,000.00","2,380.00","2,350.00",Rs./Quintal,73.3,Metric Tonnes,11-05-2026
Maharashtra,Pune,APMC Baramati ,Cereals,Wheat,Maharashtra 2189,FAQ,"2,600.00","3,211.00","2,700.00",Rs./Quintal,30,Metric Tonnes,11-05-2026
Maharashtra,Pune,APMC Baramati ,Cereals,Wheat,Maharashtra 2189,Non-FAQ,"2,300.00","2,495.00","2,480.00",Rs./Quintal,18.9,Metric Tonnes,11-05-2026
Maharashtra,Pune,APMC Baramati ,Cereals,Wheat,Kalyan,Non-FAQ,"2,000.00","2,500.00","2,440.00",Rs./Quintal,101.5,Metric Tonnes,07-05-2026
Maharashtra,Pune,APMC Baramati ,Cereals,Wheat,Maharashtra 2189,FAQ,"2,600.00","2,751.00","2,650.00",Rs./Quintal,40,Metric Tonnes,07-05-2026
Maharashtra,Pune,APMC Baramati ,Cereals,Wheat,Maharashtra 2189,Non-FAQ,"2,400.00","2,580.00","2,500.00",Rs./Quintal,27.6,Metric Tonnes,07-05-2026
Maharashtra,Pune,APMC Baramati ,Cereals,Wheat,Kalyan,Non-FAQ,"1,900.00","2,400.00","2,380.00",Rs./Quintal,107.7,Metric Tonnes,04-05-2026
Maharashtra,Pune,APMC Baramati ,Cereals,Wheat,Maharashtra 2189,FAQ,"2,590.00","3,000.00","2,800.00",Rs./Quintal,10,Metric Tonnes,04-05-2026
Maharashtra,Pune,APMC Baramati ,Cereals,Wheat,Maharashtra 2189,Non-FAQ,"2,300.00","2,550.00","2,451.00",Rs./Quintal,61.7,Metric Tonnes,04-05-2026
Maharashtra,Pune,APMC Dound ,Cereals,Wheat,Maharashtra 2189,FAQ,"2,600.00","2,751.00","2,600.00",Rs./Quintal,7.2,Metric Tonnes,10-09-2026
Maharashtra,Pune,APMC Dound ,Cereals,Wheat,Maharashtra 2189,Non-FAQ,"2,500.00","2,500.00","2,500.00",Rs./Quintal,0.6,Metric Tonnes,10-09-2026
Maharashtra,Pune,APMC Dound ,Cereals,Wheat,Maharashtra 2189,FAQ,"2,600.00","2,751.00","2,600.00",Rs./Quintal,4.5,Metric Tonnes,03-09-2026
Maharashtra,Pune,APMC Dound ,Cereals,Wheat,Maharashtra 2189,Non-FAQ,"2,400.00","2,400.00","2,400.00",Rs./Quintal,1,Metric Tonnes,03-09-2026
Maharashtra,Pune,APMC Dound ,Cereals,Wheat,Maharashtra 2189,FAQ,"2,600.00","2,650.00","2,600.00",Rs./Quintal,3.8,Metric Tonnes,23-08-2026
Maharashtra,Pune,APMC Dound ,Cereals,Wheat,Maharashtra 2189,Non-FAQ,"2,000.00","2,000.00","2,000.00",Rs./Quintal,0.3,Metric Tonnes,23-08-2026
Maharashtra,Pune,APMC Dound ,Cereals,Wheat,Maharashtra 2189,FAQ,"2,600.00","2,700.00","2,650.00",Rs./Quintal,6,Metric Tonnes,09-08-2026
Maharashtra,Pune,APMC Dound ,Cereals,Wheat,Maharashtra 2189,Non-FAQ,"2,550.00","2,550.00","2,550.00",Rs./Quintal,0.3,Metric Tonnes,09-08-2026
Maharashtra,Pune,APMC Dound ,Cereals,Wheat,Maharashtra 2189,FAQ,"2,585.00","2,621.00","2,585.00",Rs./Quintal,9.9,Metric Tonnes,02-08-2026
Maharashtra,Pune,APMC Dound ,Cereals,Wheat,Maharashtra 2189,Non-FAQ,"2,500.00","2,500.00","2,500.00",Rs./Quintal,0.7,Metric Tonnes,02-08-2026
Maharashtra,Pune,APMC Dound ,Cereals,Wheat,Maharashtra 2189,FAQ,"2,600.00","2,600.00","2,600.00",Rs./Quintal,0.5,Metric Tonnes,30-07-2026
Maharashtra,Pune,APMC Dound ,Cereals,Wheat,Maharashtra 2189,Non-FAQ,"2,400.00","2,500.00","2,500.00",Rs./Quintal,2.8,Metric Tonnes,30-07-2026
Maharashtra,Pune,APMC Dound ,Cereals,Wheat,Maharashtra 2189,FAQ,"2,600.00","2,650.00","2,600.00",Rs./Quintal,4.5,Metric Tonnes,26-07-2026
Maharashtra,Pune,APMC Dound ,Cereals,Wheat,Maharashtra 2189,Non-FAQ,"2,500.00","2,550.00","2,500.00",Rs./Quintal,3.9,Metric Tonnes,26-07-2026
Maharashtra,Pune,APMC Dound ,Cereals,Wheat,Maharashtra 2189,FAQ,"2,600.00","2,700.00","2,600.00",Rs./Quintal,6.2,Metric Tonnes,23-07-2026
Maharashtra,Pune,APMC Dound ,Cereals,Wheat,Maharashtra 2189,Non-FAQ,"2,551.00","2,551.00","2,551.00",Rs./Quintal,1,Metric Tonnes,23-07-2026
Maharashtra,Pune,APMC Dound ,Cereals,Wheat,Maharashtra 2189,Non-FAQ,"2,400.00","2,552.00","2,552.00",Rs./Quintal,4.6,Metric Tonnes,19-07-2026
Maharashtra,Pune,APMC Dound ,Cereals,Wheat,Maharashtra 2189,FAQ,"2,600.00","2,600.00","2,600.00",Rs./Quintal,2.6,Metric Tonnes,16-07-2026
Maharashtra,Pune,APMC Dound ,Cereals,Wheat,Maharashtra 2189,Non-FAQ,"2,300.00","2,550.00","2,500.00",Rs./Quintal,4.5,Metric Tonnes,16-07-2026
Maharashtra,Pune,APMC Dound ,Cereals,Wheat,Maharashtra 2189,Non-FAQ,"2,350.00","2,500.00","2,400.00",Rs./Quintal,3.4,Metric Tonnes,09-07-2026
Maharashtra,Pune,APMC Dound ,Cereals,Wheat,Maharashtra 2189,Non-FAQ,"2,400.00","2,550.00","2,475.00",Rs./Quintal,8.2,Metric Tonnes,05-07-2026
Maharashtra,Pune,APMC Dound ,Cereals,Wheat,Maharashtra 2189,Non-FAQ,"2,300.00","2,500.00","2,475.00",Rs./Quintal,7.9,Metric Tonnes,28-06-2026
Maharashtra,Pune,APMC Dound ,Cereals,Wheat,Maharashtra 2189,Non-FAQ,"2,325.00","2,472.00","2,377.00",Rs./Quintal,5.6,Metric Tonnes,25-06-2026
Maharashtra,Pune,APMC Dound ,Cereals,Wheat,Maharashtra 2189,Non-FAQ,"2,000.00","2,500.00","2,300.00",Rs./Quintal,2.4,Metric Tonnes,21-06-2026
Maharashtra,Pune,APMC Dound ,Cereals,Wheat,Maharashtra 2189,Non-FAQ,"2,325.00","2,500.00","2,400.00",Rs./Quintal,6.2,Metric Tonnes,18-06-2026
Maharashtra,Pune,APMC Dound ,Cereals,Wheat,Maharashtra 2189,Non-FAQ,"2,230.00","2,400.00","2,300.00",Rs./Quintal,18.3,Metric Tonnes,14-06-2026
Maharashtra,Pune,APMC Dound ,Cereals,Wheat,Maharashtra 2189,Non-FAQ,"2,400.00","2,550.00","2,500.00",Rs./Quintal,6.4,Metric Tonnes,11-06-2026
Maharashtra,Pune,APMC Dound ,Cereals,Wheat,Maharashtra 2189,Non-FAQ,"2,300.00","2,400.00","2,350.00",Rs./Quintal,8,Metric Tonnes,07-06-2026
Maharashtra,Pune,APMC Dound ,Cereals,Wheat,Maharashtra 2189,Non-FAQ,"2,200.00","2,300.00","2,300.00",Rs./Quintal,1.5,Metric Tonnes,31-05-2026
Maharashtra,Pune,APMC Indapur ,Cereals,Wheat,Maharashtra 2189,Non-FAQ,"2,375.00","2,511.00","2,511.00",Rs./Quintal,6,Metric Tonnes,07-09-2026
Maharashtra,Pune,APMC Indapur ,Cereals,Wheat,Other,FAQ,"2,621.00","2,621.00","2,621.00",Rs./Quintal,0.2,Metric Tonnes,07-09-2026
Maharashtra,Pune,APMC Indapur ,Cereals,Wheat,Maharashtra 2189,FAQ,"2,600.00","2,701.00","2,600.00",Rs./Quintal,0.6,Metric Tonnes,27-08-2026
Maharashtra,Pune,APMC Indapur ,Cereals,Wheat,Other,Non-FAQ,"2,100.00","2,500.00","2,400.00",Rs./Quintal,5,Metric Tonnes,27-08-2026
Maharashtra,Pune,APMC Indapur ,Cereals,Wheat,Maharashtra 2189,FAQ,"2,600.00","2,751.00","2,700.00",Rs./Quintal,0.5,Metric Tonnes,24-08-2026
Maharashtra,Pune,APMC Indapur ,Cereals,Wheat,Other,Non-FAQ,"2,200.00","2,400.00","2,400.00",Rs./Quintal,7.5,Metric Tonnes,24-08-2026
Maharashtra,Pune,APMC Indapur ,Cereals,Wheat,Maharashtra 2189,FAQ,"2,600.00","3,000.00","2,700.00",Rs./Quintal,0.8,Metric Tonnes,17-08-2026
Maharashtra,Pune,APMC Indapur ,Cereals,Wheat,Other,Non-FAQ,"2,251.00","2,500.00","2,500.00",Rs./Quintal,5,Metric Tonnes,17-08-2026
Maharashtra,Pune,APMC Indapur ,Cereals,Wheat,Maharashtra 2189,FAQ,"2,900.00","2,900.00","2,900.00",Rs./Quintal,0.8,Metric Tonnes,10-08-2026
Maharashtra,Pune,APMC Indapur ,Cereals,Wheat,Other,Non-FAQ,"2,100.00","2,500.00","2,500.00",Rs./Quintal,16,Metric Tonnes,10-08-2026
Maharashtra,Pune,APMC Indapur ,Cereals,Wheat,Maharashtra 2189,FAQ,"2,600.00","3,051.00","2,700.00",Rs./Quintal,11,Metric Tonnes,06-08-2026
Maharashtra,Pune,APMC Indapur ,Cereals,Wheat,Other,Non-FAQ,"2,300.00","2,550.00","2,500.00",Rs./Quintal,0.3,Metric Tonnes,06-08-2026
Maharashtra,Pune,APMC Indapur ,Cereals,Wheat,Maharashtra 2189,FAQ,"2,600.00","2,900.00","2,700.00",Rs./Quintal,0.6,Metric Tonnes,11-05-2026
Maharashtra,Pune,APMC Indapur ,Cereals,Wheat,Other,Non-FAQ,"1,800.00","2,550.00","2,500.00",Rs./Quintal,24,Metric Tonnes,11-05-2026
Maharashtra,Pune,APMC Shirur ,Cereals,Wheat,Other,FAQ,"2,700.00","2,700.00","2,700.00",Rs./Quintal,1,Metric Tonnes,11-09-2026
Maharashtra,Pune,APMC Shirur ,Cereals,Wheat,Other,Non-FAQ,"2,350.00","2,550.00","2,500.00",Rs./Quintal,0.4,Metric Tonnes,11-09-2026
Maharashtra,Pune,APMC Shirur ,Cereals,Wheat,Other,FAQ,"2,600.00","2,700.00","2,650.00",Rs./Quintal,1,Metric Tonnes,10-09-2026
Maharashtra,Pune,APMC Shirur ,Cereals,Wheat,Other,Non-FAQ,"2,550.00","2,550.00","2,550.00",Rs./Quintal,0.6,Metric Tonnes,10-09-2026
Maharashtra,Pune,APMC Shirur ,Cereals,Wheat,Other,FAQ,"2,600.00","2,750.00","2,700.00",Rs./Quintal,1.8,Metric Tonnes,09-09-2026
Maharashtra,Pune,APMC Shirur ,Cereals,Wheat,Other,Non-FAQ,"2,500.00","2,500.00","2,500.00",Rs./Quintal,0.3,Metric Tonnes,09-09-2026
Maharashtra,Pune,APMC Shirur ,Cereals,Wheat,Other,FAQ,"2,725.00","2,725.00","2,725.00",Rs./Quintal,1.5,Metric Tonnes,08-09-2026
Maharashtra,Pune,APMC Shirur ,Cereals,Wheat,Other,Non-FAQ,"2,200.00","2,550.00","2,500.00",Rs./Quintal,0.6,Metric Tonnes,08-09-2026
Maharashtra,Pune,APMC Shirur ,Cereals,Wheat,Other,Non-FAQ,"2,400.00","2,500.00","2,500.00",Rs./Quintal,0.7,Metric Tonnes,07-09-2026
Maharashtra,Pune,APMC Shirur ,Cereals,Wheat,Other,FAQ,"2,800.00","2,800.00","2,800.00",Rs./Quintal,4,Metric Tonnes,06-09-2026
Maharashtra,Pune,APMC Shirur ,Cereals,Wheat,Other,Non-FAQ,"2,200.00","2,550.00","2,500.00",Rs./Quintal,0.5,Metric Tonnes,06-09-2026
Maharashtra,Pune,APMC Shirur ,Cereals,Wheat,Other,FAQ,"2,600.00","2,700.00","2,700.00",Rs./Quintal,3.6,Metric Tonnes,02-09-2026
Maharashtra,Pune,APMC Shirur ,Cereals,Wheat,Other,Non-FAQ,"2,200.00","2,550.00","2,500.00",Rs./Quintal,1,Metric Tonnes,02-09-2026
Maharashtra,Pune,APMC Shirur ,Cereals,Wheat,Other,FAQ,"2,600.00","2,650.00","2,625.00",Rs./Quintal,0.8,Metric Tonnes,01-09-2026
Maharashtra,Pune,APMC Shirur ,Cereals,Wheat,Other,Non-FAQ,"2,200.00","2,550.00","2,500.00",Rs./Quintal,0.4,Metric Tonnes,01-09-2026
Maharashtra,Pune,APMC Shirur ,Cereals,Wheat,Other,FAQ,"2,600.00","2,800.00","2,600.00",Rs./Quintal,4,Metric Tonnes,31-08-2026
Maharashtra,Pune,APMC Shirur ,Cereals,Wheat,Other,Non-FAQ,"2,200.00","2,550.00","2,500.00",Rs./Quintal,1.7,Metric Tonnes,31-08-2026
Maharashtra,Pune,APMC Shirur ,Cereals,Wheat,Other,Non-FAQ,"2,300.00","2,500.00","2,300.00",Rs./Quintal,0.6,Metric Tonnes,27-08-2026
Maharashtra,Pune,APMC Shirur ,Cereals,Wheat,Other,FAQ,"2,625.00","2,625.00","2,625.00",Rs./Quintal,0.8,Metric Tonnes,26-08-2026
Maharashtra,Pune,APMC Shirur ,Cereals,Wheat,Other,Non-FAQ,"2,500.00","2,550.00","2,500.00",Rs./Quintal,0.4,Metric Tonnes,26-08-2026
Maharashtra,Pune,APMC Shirur ,Cereals,Wheat,Other,FAQ,"2,600.00","2,700.00","2,650.00",Rs./Quintal,2,Metric Tonnes,25-08-2026
Maharashtra,Pune,APMC Shirur ,Cereals,Wheat,Other,Non-FAQ,"2,550.00","2,550.00","2,550.00",Rs./Quintal,0.9,Metric Tonnes,25-08-2026
Maharashtra,Pune,APMC Shirur ,Cereals,Wheat,Other,FAQ,"2,600.00","2,700.00","2,700.00",Rs./Quintal,0.9,Metric Tonnes,24-08-2026
Maharashtra,Pune,APMC Shirur ,Cereals,Wheat,Other,Non-FAQ,"2,200.00","2,550.00","2,500.00",Rs./Quintal,0.5,Metric Tonnes,24-08-2026
Maharashtra,Pune,APMC Shirur ,Cereals,Wheat,Other,FAQ,"2,700.00","2,800.00","2,700.00",Rs./Quintal,1.9,Metric Tonnes,23-08-2026
Maharashtra,Pune,APMC Shirur ,Cereals,Wheat,Other,Non-FAQ,"2,400.00","2,500.00","2,500.00",Rs./Quintal,0.9,Metric Tonnes,23-08-2026
Maharashtra,Pune,APMC Shirur ,Cereals,Wheat,Other,FAQ,"2,700.00","2,800.00","2,750.00",Rs./Quintal,0.4,Metric Tonnes,21-08-2026
Maharashtra,Pune,APMC Shirur ,Cereals,Wheat,Other,Non-FAQ,"2,400.00","2,550.00","2,500.00",Rs./Quintal,0.9,Metric Tonnes,21-08-2026
Maharashtra,Pune,APMC Shirur ,Cereals,Wheat,Other,FAQ,"2,800.00","2,800.00","2,800.00",Rs./Quintal,0.5,Metric Tonnes,20-08-2026
Maharashtra,Pune,APMC Shirur ,Cereals,Wheat,Other,Non-FAQ,"2,400.00","2,550.00","2,500.00",Rs./Quintal,2.2,Metric Tonnes,20-08-2026
Maharashtra,Pune,APMC Shirur ,Cereals,Wheat,Other,FAQ,"2,600.00","2,725.00","2,711.00",Rs./Quintal,5.1,Metric Tonnes,18-08-2026
Maharashtra,Pune,APMC Shirur ,Cereals,Wheat,Other,Non-FAQ,"2,400.00","2,550.00","2,500.00",Rs./Quintal,2,Metric Tonnes,18-08-2026
Maharashtra,Pune,APMC Shirur ,Cereals,Wheat,Other,FAQ,"2,600.00","2,700.00","2,650.00",Rs./Quintal,1.8,Metric Tonnes,17-08-2026
Maharashtra,Pune,APMC Shirur ,Cereals,Wheat,Other,Non-FAQ,"2,300.00","2,550.00","2,550.00",Rs./Quintal,4,Metric Tonnes,17-08-2026
Maharashtra,Pune,APMC Shirur ,Cereals,Wheat,Other,FAQ,"2,600.00","2,600.00","2,600.00",Rs./Quintal,0.4,Metric Tonnes,15-08-2026
Maharashtra,Pune,APMC Shirur ,Cereals,Wheat,Other,Non-FAQ,"2,300.00","2,500.00","2,450.00",Rs./Quintal,0.8,Metric Tonnes,15-08-2026
Maharashtra,Pune,APMC Shirur ,Cereals,Wheat,Other,Non-FAQ,"2,200.00","2,500.00","2,450.00",Rs./Quintal,0.9,Metric Tonnes,14-08-2026
Maharashtra,Pune,APMC Shirur ,Cereals,Wheat,Other,FAQ,"2,600.00","2,650.00","2,600.00",Rs./Quintal,0.5,Metric Tonnes,13-08-2026
Maharashtra,Pune,APMC Shirur ,Cereals,Wheat,Other,Non-FAQ,"2,200.00","2,500.00","2,500.00",Rs./Quintal,0.8,Metric Tonnes,13-08-2026
Maharashtra,Pune,APMC Shirur ,Cereals,Wheat,Other,FAQ,"2,600.00","2,700.00","2,650.00",Rs./Quintal,2,Metric Tonnes,12-08-2026
Maharashtra,Pune,APMC Shirur ,Cereals,Wheat,Other,Non-FAQ,"2,550.00","2,581.00","2,581.00",Rs./Quintal,1.8,Metric Tonnes,12-08-2026
Maharashtra,Pune,APMC Shirur ,Cereals,Wheat,Other,FAQ,"2,700.00","2,700.00","2,700.00",Rs./Quintal,0.8,Metric Tonnes,11-08-2026
Maharashtra,Pune,APMC Shirur ,Cereals,Wheat,Other,Non-FAQ,"2,400.00","2,500.00","2,500.00",Rs./Quintal,1.2,Metric Tonnes,11-08-2026
Maharashtra,Pune,APMC Shirur ,Cereals,Wheat,Other,FAQ,"2,700.00","2,700.00","2,700.00",Rs./Quintal,0.7,Metric Tonnes,10-08-2026
Maharashtra,Pune,APMC Shirur ,Cereals,Wheat,Other,Non-FAQ,"2,400.00","2,500.00","2,450.00",Rs./Quintal,2,Metric Tonnes,10-08-2026
Maharashtra,Pune,APMC Shirur ,Cereals,Wheat,Other,Non-FAQ,"2,200.00","2,450.00","2,400.00",Rs./Quintal,1.7,Metric Tonnes,07-08-2026
Maharashtra,Pune,APMC Shirur ,Cereals,Wheat,Other,Non-FAQ,"2,200.00","2,500.00","2,450.00",Rs./Quintal,1.4,Metric Tonnes,06-08-2026
Maharashtra,Pune,APMC Shirur ,Cereals,Wheat,Other,FAQ,"2,600.00","2,660.00","2,600.00",Rs./Quintal,2.2,Metric Tonnes,05-08-2026
Maharashtra,Pune,APMC Shirur ,Cereals,Wheat,Other,Non-FAQ,"2,200.00","2,500.00","2,450.00",Rs./Quintal,1.5,Metric Tonnes,05-08-2026
Maharashtra,Pune,APMC Shirur ,Cereals,Wheat,Other,FAQ,"2,600.00","2,725.00","2,700.00",Rs./Quintal,0.6,Metric Tonnes,04-08-2026
Maharashtra,Pune,APMC Shirur ,Cereals,Wheat,Other,Non-FAQ,"2,000.00","2,500.00","2,450.00",Rs./Quintal,1.9,Metric Tonnes,04-08-2026
Maharashtra,Pune,APMC Shirur ,Cereals,Wheat,Other,FAQ,"2,700.00","2,700.00","2,700.00",Rs./Quintal,1,Metric Tonnes,03-08-2026
Maharashtra,Pune,APMC Shirur ,Cereals,Wheat,Other,Non-FAQ,"2,400.00","2,500.00","2,500.00",Rs./Quintal,4,Metric Tonnes,03-08-2026
Maharashtra,Pune,APMC Shirur ,Cereals,Wheat,Other,FAQ,"2,600.00","2,600.00","2,600.00",Rs./Quintal,0.9,Metric Tonnes,02-08-2026
Maharashtra,Pune,APMC Shirur ,Cereals,Wheat,Other,Non-FAQ,"2,100.00","2,500.00","2,450.00",Rs./Quintal,1.1,Metric Tonnes,02-08-2026
Maharashtra,Pune,APMC Shirur ,Cereals,Wheat,Other,Non-FAQ,"2,200.00","2,300.00","2,250.00",Rs./Quintal,0.5,Metric Tonnes,31-07-2026
Maharashtra,Pune,APMC Shirur ,Cereals,Wheat,Other,FAQ,"2,600.00","2,600.00","2,600.00",Rs./Quintal,1.2,Metric Tonnes,30-07-2026
Maharashtra,Pune,APMC Shirur ,Cereals,Wheat,Other,Non-FAQ,"2,100.00","2,100.00","2,100.00",Rs./Quintal,0.4,Metric Tonnes,30-07-2026
Maharashtra,Pune,APMC Shirur ,Cereals,Wheat,Other,FAQ,"2,600.00","2,650.00","2,650.00",Rs./Quintal,0.6,Metric Tonnes,21-07-2026
Maharashtra,Pune,APMC Shirur ,Cereals,Wheat,Other,Non-FAQ,"2,300.00","2,500.00","2,500.00",Rs./Quintal,1.7,Metric Tonnes,21-07-2026
Maharashtra,Pune,APMC Shirur ,Cereals,Wheat,Other,Non-FAQ,"2,400.00","2,400.00","2,400.00",Rs./Quintal,0.2,Metric Tonnes,20-07-2026
Maharashtra,Pune,APMC Shirur ,Cereals,Wheat,Other,Non-FAQ,"2,420.00","2,450.00","2,450.00",Rs./Quintal,0.6,Metric Tonnes,15-07-2026
Maharashtra,Pune,APMC Shirur ,Cereals,Wheat,Other,FAQ,"2,600.00","2,600.00","2,600.00",Rs./Quintal,1.4,Metric Tonnes,14-07-2026
Maharashtra,Pune,APMC Shirur ,Cereals,Wheat,Other,Non-FAQ,"2,300.00","2,500.00","2,400.00",Rs./Quintal,5,Metric Tonnes,14-07-2026
Maharashtra,Pune,APMC Shirur ,Cereals,Wheat,Other,Non-FAQ,"2,200.00","2,500.00","2,500.00",Rs./Quintal,0.9,Metric Tonnes,13-07-2026
Maharashtra,Pune,APMC Shirur ,Cereals,Wheat,Other,Non-FAQ,"2,450.00","2,450.00","2,450.00",Rs./Quintal,1.4,Metric Tonnes,12-07-2026
Maharashtra,Pune,APMC Shirur ,Cereals,Wheat,Other,FAQ,"2,600.00","2,600.00","2,600.00",Rs./Quintal,0.5,Metric Tonnes,10-07-2026
Maharashtra,Pune,APMC Shirur ,Cereals,Wheat,Other,Non-FAQ,"2,200.00","2,500.00","2,450.00",Rs./Quintal,0.6,Metric Tonnes,10-07-2026
Maharashtra,Pune,APMC Shirur ,Cereals,Wheat,Other,FAQ,"2,600.00","2,600.00","2,600.00",Rs./Quintal,0.4,Metric Tonnes,09-07-2026
Maharashtra,Pune,APMC Shirur ,Cereals,Wheat,Other,Non-FAQ,"2,100.00","2,500.00","2,450.00",Rs./Quintal,0.6,Metric Tonnes,09-07-2026
Maharashtra,Pune,APMC Shirur ,Cereals,Wheat,Other,Non-FAQ,"2,200.00","2,500.00","2,450.00",Rs./Quintal,0.5,Metric Tonnes,08-07-2026
Maharashtra,Pune,APMC Shirur ,Cereals,Wheat,Other,FAQ,"2,600.00","2,650.00","2,600.00",Rs./Quintal,0.4,Metric Tonnes,07-07-2026
Maharashtra,Pune,APMC Shirur ,Cereals,Wheat,Other,Non-FAQ,"2,300.00","2,450.00","2,450.00",Rs./Quintal,4.5,Metric Tonnes,07-07-2026
Maharashtra,Pune,APMC Shirur ,Cereals,Wheat,Other,FAQ,"2,600.00","2,600.00","2,600.00",Rs./Quintal,0.4,Metric Tonnes,06-07-2026
Maharashtra,Pune,APMC Shirur ,Cereals,Wheat,Other,Non-FAQ,"2,200.00","2,500.00","2,450.00",Rs./Quintal,0.5,Metric Tonnes,06-07-2026
Maharashtra,Pune,APMC Shirur ,Cereals,Wheat,Other,Non-FAQ,"2,200.00","2,500.00","2,475.00",Rs./Quintal,2.5,Metric Tonnes,05-07-2026
Maharashtra,Pune,APMC Shirur ,Cereals,Wheat,Other,FAQ,"2,600.00","2,600.00","2,600.00",Rs./Quintal,0.5,Metric Tonnes,04-07-2026
Maharashtra,Pune,APMC Shirur ,Cereals,Wheat,Other,Non-FAQ,"2,200.00","2,500.00","2,450.00",Rs./Quintal,1,Metric Tonnes,04-07-2026
Maharashtra,Pune,APMC Shirur ,Cereals,Wheat,Other,FAQ,"2,600.00","2,600.00","2,600.00",Rs./Quintal,0.4,Metric Tonnes,03-07-2026
Maharashtra,Pune,APMC Shirur ,Cereals,Wheat,Other,Non-FAQ,"2,125.00","2,500.00","2,125.00",Rs./Quintal,1.8,Metric Tonnes,03-07-2026
Maharashtra,Pune,APMC Shirur ,Cereals,Wheat,Other,Non-FAQ,"2,300.00","2,500.00","2,350.00",Rs./Quintal,3.2,Metric Tonnes,02-07-2026
Maharashtra,Pune,APMC Shirur ,Cereals,Wheat,Other,Non-FAQ,"2,300.00","2,350.00","2,350.00",Rs./Quintal,0.8,Metric Tonnes,01-07-2026
Maharashtra,Pune,APMC Shirur ,Cereals,Wheat,Other,Non-FAQ,"2,100.00","2,500.00","2,350.00",Rs./Quintal,2.9,Metric Tonnes,30-06-2026
Maharashtra,Pune,APMC Shirur ,Cereals,Wheat,Other,Non-FAQ,"2,400.00","2,400.00","2,400.00",Rs./Quintal,0.3,Metric Tonnes,29-06-2026
Maharashtra,Pune,APMC Shirur ,Cereals,Wheat,Other,Non-FAQ,"2,350.00","2,350.00","2,350.00",Rs./Quintal,0.5,Metric Tonnes,28-06-2026
Maharashtra,Pune,APMC Shirur ,Cereals,Wheat,Other,Non-FAQ,"2,200.00","2,500.00","2,300.00",Rs./Quintal,0.6,Metric Tonnes,25-06-2026
Maharashtra,Pune,APMC Shirur ,Cereals,Wheat,Other,Non-FAQ,"2,450.00","2,500.00","2,450.00",Rs./Quintal,1.5,Metric Tonnes,24-06-2026
Maharashtra,Pune,APMC Shirur ,Cereals,Wheat,Other,Non-FAQ,"2,200.00","2,400.00","2,300.00",Rs./Quintal,1.1,Metric Tonnes,23-06-2026
Maharashtra,Pune,APMC Shirur ,Cereals,Wheat,Other,Non-FAQ,"2,000.00","2,400.00","2,350.00",Rs./Quintal,2.1,Metric Tonnes,22-06-2026
Maharashtra,Pune,APMC Shirur ,Cereals,Wheat,Other,Non-FAQ,"2,000.00","2,500.00","2,350.00",Rs./Quintal,1.1,Metric Tonnes,18-06-2026
Maharashtra,Pune,APMC Shirur ,Cereals,Wheat,Other,Non-FAQ,"2,300.00","2,450.00","2,450.00",Rs./Quintal,1.9,Metric Tonnes,17-06-2026
Maharashtra,Pune,APMC Shirur ,Cereals,Wheat,Other,FAQ,"2,600.00","2,600.00","2,600.00",Rs./Quintal,0.3,Metric Tonnes,16-06-2026
Maharashtra,Pune,APMC Shirur ,Cereals,Wheat,Other,Non-FAQ,"2,000.00","2,500.00","2,400.00",Rs./Quintal,0.7,Metric Tonnes,16-06-2026
Maharashtra,Pune,APMC Shirur ,Cereals,Wheat,Other,Non-FAQ,"2,200.00","2,300.00","2,300.00",Rs./Quintal,0.8,Metric Tonnes,15-06-2026
Maharashtra,Pune,APMC Shirur ,Cereals,Wheat,Other,FAQ,"2,600.00","2,600.00","2,600.00",Rs./Quintal,0.3,Metric Tonnes,11-06-2026
Maharashtra,Pune,APMC Shirur ,Cereals,Wheat,Other,Non-FAQ,"2,000.00","2,500.00","2,400.00",Rs./Quintal,1,Metric Tonnes,11-06-2026
Maharashtra,Pune,APMC Shirur ,Cereals,Wheat,Other,Non-FAQ,"2,000.00","2,500.00","2,461.00",Rs./Quintal,2.5,Metric Tonnes,10-06-2026
Maharashtra,Pune,APMC Shirur ,Cereals,Wheat,Other,FAQ,"2,600.00","2,600.00","2,600.00",Rs./Quintal,1,Metric Tonnes,07-06-2026
Maharashtra,Pune,APMC Shirur ,Cereals,Wheat,Other,Non-FAQ,"2,200.00","2,500.00","2,250.00",Rs./Quintal,7,Metric Tonnes,07-06-2026
Maharashtra,Pune,APMC Shirur ,Cereals,Wheat,Other,Non-FAQ,"2,250.00","2,350.00","2,300.00",Rs./Quintal,1.1,Metric Tonnes,28-05-2026
Maharashtra,Pune,APMC Shirur ,Cereals,Wheat,Other,FAQ,"2,600.00","2,600.00","2,600.00",Rs./Quintal,1.8,Metric Tonnes,27-05-2026
Maharashtra,Pune,APMC Shirur ,Cereals,Wheat,Other,Non-FAQ,"2,000.00","2,000.00","2,000.00",Rs./Quintal,0.5,Metric Tonnes,27-05-2026
Maharashtra,Pune,APMC Shirur ,Cereals,Wheat,Other,Non-FAQ,"2,150.00","2,500.00","2,300.00",Rs./Quintal,6.6,Metric Tonnes,26-05-2026
Maharashtra,Pune,APMC Shirur ,Cereals,Wheat,Other,Non-FAQ,"2,225.00","2,500.00","2,325.00",Rs./Quintal,1.5,Metric Tonnes,25-05-2026
Maharashtra,Pune,APMC Shirur ,Cereals,Wheat,Other,FAQ,"2,600.00","2,600.00","2,600.00",Rs./Quintal,1.1,Metric Tonnes,21-05-2026
Maharashtra,Pune,APMC Shirur ,Cereals,Wheat,Other,Non-FAQ,"2,000.00","2,400.00","2,300.00",Rs./Quintal,5.2,Metric Tonnes,21-05-2026
Maharashtra,Pune,APMC Shirur ,Cereals,Wheat,Other,Non-FAQ,"2,200.00","2,550.00","2,400.00",Rs./Quintal,2,Metric Tonnes,20-05-2026
Maharashtra,Pune,APMC Shirur ,Cereals,Wheat,Other,Non-FAQ,"2,000.00","2,300.00","2,300.00",Rs./Quintal,1.5,Metric Tonnes,14-05-2026
Maharashtra,Pune,APMC Shirur ,Cereals,Wheat,Other,Non-FAQ,"2,150.00","2,450.00","2,250.00",Rs./Quintal,2.3,Metric Tonnes,13-05-2026
Maharashtra,Pune,APMC Shirur ,Cereals,Wheat,Other,Non-FAQ,"2,250.00","2,300.00","2,275.00",Rs./Quintal,1.2,Metric Tonnes,07-05-2026
Maharashtra,Pune,APMC Shirur ,Cereals,Wheat,Other,Non-FAQ,"2,100.00","2,350.00","2,350.00",Rs./Quintal,1.8,Metric Tonnes,06-05-2026
Maharashtra,Pune,Indapur(Bhigwan) ,Cereals,Wheat,Maharashtra 2189,FAQ,"2,600.00","2,651.00","2,600.00",Rs./Quintal,0.3,Metric Tonnes,21-06-2026
Maharashtra,Pune,Indapur(Bhigwan) ,Cereals,Wheat,Other,Non-FAQ,"1,500.00","2,550.00","2,200.00",Rs./Quintal,86,Metric Tonnes,21-06-2026
Maharashtra,Pune,Indapur(Bhigwan) ,Cereals,Wheat,Maharashtra 2189,FAQ,"2,585.00","2,851.00","2,800.00",Rs./Quintal,7.2,Metric Tonnes,03-05-2026
Maharashtra,Pune,Indapur(Bhigwan) ,Cereals,Wheat,Other,Non-FAQ,"1,800.00","2,580.00","2,500.00",Rs./Quintal,70,Metric Tonnes,03-05-2026
Maharashtra,Pune,Indapur(Nimgaon Ketki) ,Cereals,Wheat,Maharashtra 2189,Non-FAQ,"2,300.00","2,400.00","2,361.00",Rs./Quintal,2.2,Metric Tonnes,11-07-2026
Maharashtra,Pune,Indapur(Nimgaon Ketki) ,Cereals,Wheat,Maharashtra 2189,Non-FAQ,"1,900.00","2,400.00","2,200.00",Rs./Quintal,0.5,Metric Tonnes,03-06-2026
Maharashtra,Pune,Indapur(Nimgaon Ketki) ,Cereals,Wheat,Maharashtra 2189,Non-FAQ,"2,200.00","2,351.00","2,351.00",Rs./Quintal,30,Metric Tonnes,30-05-2026
Maharashtra,Pune,Nira(Saswad) ,Cereals,Wheat,Other,FAQ,"3,000.00","3,200.00","3,100.00",Rs./Quintal,7.2,Metric Tonnes,09-09-2026
Maharashtra,Pune,Nira(Saswad) ,Cereals,Wheat,Other,FAQ,"2,700.00","3,000.00","2,850.00",Rs./Quintal,8.4,Metric Tonnes,02-09-2026
Maharashtra,Pune,Nira(Saswad) ,Cereals,Wheat,Other,FAQ,"2,800.00","3,300.00","3,050.00",Rs./Quintal,6.7,Metric Tonnes,26-08-2026
Maharashtra,Pune,Nira(Saswad) ,Cereals,Wheat,Other,FAQ,"2,800.00","3,300.00","3,050.00",Rs./Quintal,9.2,Metric Tonnes,19-08-2026
Maharashtra,Pune,Nira(Saswad) ,Cereals,Wheat,Other,FAQ,"2,600.00","3,200.00","2,900.00",Rs./Quintal,13,Metric Tonnes,12-08-2026
Maharashtra,Pune,Nira(Saswad) ,Cereals,Wheat,Other,FAQ,"2,700.00","3,200.00","2,950.00",Rs./Quintal,6.7,Metric Tonnes,05-08-2026
Maharashtra,Pune,Nira(Saswad) ,Cereals,Wheat,Other,FAQ,"2,800.00","3,300.00","3,050.00",Rs./Quintal,7.2,Metric Tonnes,29-07-2026
Maharashtra,Pune,Nira(Saswad) ,Cereals,Wheat,Other,FAQ,"2,700.00","3,200.00","2,950.00",Rs./Quintal,7.7,Metric Tonnes,22-07-2026
Maharashtra,Pune,Nira(Saswad) ,Cereals,Wheat,Other,FAQ,"2,700.00","3,300.00","3,000.00",Rs./Quintal,10,Metric Tonnes,15-07-2026
Maharashtra,Pune,Nira(Saswad) ,Cereals,Wheat,Other,FAQ,"2,590.00","3,100.00","2,800.00",Rs./Quintal,9,Metric Tonnes,08-07-2026
Maharashtra,Pune,Nira(Saswad) ,Cereals,Wheat,Other,FAQ,"2,590.00","3,100.00","2,750.00",Rs./Quintal,7.5,Metric Tonnes,01-07-2026
Maharashtra,Pune,Nira(Saswad) ,Cereals,Wheat,Other,FAQ,"2,590.00","3,000.00","2,795.00",Rs./Quintal,3.5,Metric Tonnes,24-06-2026
